season,week,gameday,away_team,home_team,away_score,home_score,away_spread_line,home_spread_line,pred_prob_home_cover,pred_home_covers,recommended_pick,home_off_epa_last_n,away_off_epa_last_n,home_def_epa_allowed_last_n,away_def_epa_allowed_last_n,home_pace_plays_last_n,away_pace_plays_last_n,home_ats_rate_last_n,away_ats_rate_last_n,home_point_diff_last_n,away_point_diff_last_n,home_score_for_last_n,away_score_for_last_n,home_score_against_last_n,away_score_against_last_n,home_rest,away_rest,total_line,pred_prob_total_over,pred_total_over,ou_pick,actual_home_covers,actual_result,was_correct,home_cover_margin,actual_total_over,was_correct_ou,pick_probability
2025,19,2026-01-11,LAC,NE,3,16,3.5,-3.5,0.6912143057105024,1,NE to cover (-3.5),0.2943569035548088,-0.09996275351524371,-0.05686233788426774,-0.13412993918946595,58.8,63.6,0.8,0.6,15.6,0.6,34.4,18.2,18.8,17.6,7,7,45.5,0.5116796398472114,1,Over 45.5,1.0,NE covered (-3.5),1.0,9.5,0.0,0.0,0.6912143057105024
2025,16,2025-12-21,MIN,NYG,16,13,-2.5,2.5,0.34800207483070844,0,MIN to cover (-2.5),0.03708120957841272,-0.15780530357423117,0.13916839989410945,-0.10436044032218623,67.0,51.0,0.6,0.4,-8.8,-1.2,20.6,17.6,29.4,18.8,7,7,41.5,0.4348840229715853,0,Under 41.5,0.0,MIN covered (-2.5),1.0,-0.5,0.0,1.0,0.6519979251692916
2025,18,2026-01-03,CAR,TB,14,16,3.0,-3.0,0.3535938177243385,0,CAR to cover (+3.0),0.016142692664040857,-0.052610651733301726,0.08349363830305866,0.05963531543892978,61.6,52.2,0.0,0.4,-1.6,-5.0,21.0,18.0,22.6,23.0,6,6,43.5,0.37443972382669427,0,Under 43.5,0.0,CAR covered (+3.0),1.0,-1.0,0.0,1.0,0.6464061822756615
2025,19,2026-01-10,LA,CAR,34,31,-10.0,10.0,0.6403095218691055,1,CAR to cover (+10.0),-0.016765858974209007,0.20242419062273243,0.061112909541193264,0.055565449071324526,52.8,70.0,0.6,0.8,-3.2,9.6,19.0,36.8,22.2,27.2,7,6,44.5,0.4940666090735505,0,Under 44.5,1.0,CAR covered (+10.0),1.0,7.0,1.0,0.0,0.6403095218691055
2025,17,2025-12-25,DET,MIN,10,23,-7.0,7.0,0.6365577600843632,1,MIN to cover (+7.0),-0.1306417510695115,0.1555340536667188,-0.17065294793466107,0.1601933999803577,51.2,61.6,0.6,0.2,-0.2,0.4,17.4,32.0,17.6,31.6,4,4,45.5,0.44683770566665815,0,Under 45.5,1.0,MIN covered (+7.0),1.0,20.0,0.0,1.0,0.6365577600843632
2025,2,2025-09-14,SEA,PIT,31,17,3.5,-3.5,0.36397739843258037,0,SEA to cover (+3.5),-0.03557172516464883,-0.09947401918040093,0.19514435610345782,0.018102803362576504,57.4,53.6,0.2,0.0,-10.0,-3.2,18.4,17.2,28.4,20.4,7,7,40.5,0.5408751428275722,1,Over 40.5,0.0,SEA covered (+3.5),1.0,-17.5,1.0,1.0,0.6360226015674196
2025,15,2025-12-14,MIN,DAL,34,26,5.5,-5.5,0.3663257525454879,0,MIN to cover (+5.5),0.041173396950176404,-0.2351609635246696,0.10818950762167594,-0.12742175131667272,65.8,53.2,0.6,0.2,-0.2,-4.4,27.0,14.6,27.2,19.0,10,7,47.5,0.6130058881016647,1,Over 47.5,0.0,MIN covered (+5.5),1.0,-13.5,1.0,1.0,0.6336742474545121
2025,12,2025-11-23,JAX,ARI,27,24,-2.5,2.5,0.3682605419753554,0,JAX to cover (-2.5),0.00030864310078457523,-0.03618593288908405,0.08414177721557041,-0.02525929414731095,70.0,68.6,0.6,0.2,-7.8,-2.6,24.2,22.6,32.0,25.2,7,7,47.5,0.5128712378208654,1,Over 47.5,0.0,JAX covered (-2.5),1.0,-0.5,1.0,1.0,0.6317394580246446
2025,20,2026-01-18,HOU,NE,16,28,3.0,-3.0,0.6170222277401136,1,NE to cover (-3.0),0.2573658598626744,0.001534280719822223,-0.08608629241749947,-0.17253678962067948,58.8,61.4,0.8,0.6,14.6,11.6,31.0,30.2,16.4,18.6,7,6,40.5,0.5956297858425781,1,Over 40.5,1.0,NE covered (-3.0),1.0,9.0,1.0,1.0,0.6170222277401136
2025,1,2025-09-07,DET,GB,13,27,1.5,-1.5,0.616659978697285,1,GB to cover (-1.5),0.024291765945322615,0.21137684421538436,-0.14430513442769807,0.15754003561268842,61.4,67.4,0.4,0.6,7.0,5.0,24.2,35.6,17.2,30.6,7,7,48.5,0.4091514185943155,0,Under 48.5,1.0,GB covered (-1.5),1.0,12.5,0.0,1.0,0.616659978697285
2025,18,2026-01-04,NYJ,BUF,8,35,12.5,-12.5,0.6166382319318651,1,BUF to cover (-12.5),0.11122138888707352,-0.2310508135540684,-0.05530697925106516,0.23804029131011104,63.4,62.6,0.4,0.2,6.0,-20.8,27.0,14.6,21.0,35.4,7,7,39.5,0.5607146677035949,1,Over 39.5,1.0,BUF covered (-12.5),1.0,14.5,1.0,1.0,0.6166382319318651
2025,3,2025-09-21,KC,NYG,22,9,-6.0,6.0,0.3851675945744788,0,KC to cover (-6.0),-0.038104118940107054,0.009645682561870077,0.0804469850979002,0.1189315524601499,57.0,54.8,0.4,0.2,-8.0,-3.0,21.6,23.0,29.6,26.0,7,7,44.5,0.44813396926775,0,Under 44.5,0.0,KC covered (-6.0),1.0,-7.0,0.0,1.0,0.6148324054255212
2025,14,2025-12-07,CIN,BUF,34,39,6.0,-6.0,0.3870413370994774,0,CIN to cover (+6.0),0.06740541060933714,0.012589627014486893,-0.017382606507124098,0.13142418391285596,64.4,65.4,0.6,0.4,3.4,-3.2,26.0,28.8,22.6,32.0,7,10,54.5,0.5267493922612717,1,Over 54.5,0.0,CIN covered (+6.0),1.0,-1.0,1.0,1.0,0.6129586629005226
2025,10,2025-11-09,NO,CAR,17,7,5.5,-5.5,0.3889421319776809,0,NO to cover (+5.5),0.0015307077767598488,-0.21659910559066362,0.08109585552733892,0.015716473287445975,61.0,54.8,0.8,0.2,-3.0,-10.0,19.0,14.4,22.0,24.4,7,7,38.5,0.5022528407905403,1,Over 38.5,0.0,NO covered (+5.5),1.0,-15.5,0.0,0.0,0.6110578680223191
2025,3,2025-09-18,MIA,BUF,21,31,12.5,-12.5,0.3905023202320692,0,MIA to cover (+12.5),0.19904632896292646,-0.029620121430473385,0.07478738463606452,0.0727365978295267,68.2,57.0,0.8,0.4,8.8,-2.8,31.6,20.8,22.8,23.6,4,4,50.5,0.4491783028172893,0,Under 50.5,0.0,MIA covered (+12.5),1.0,-2.5,1.0,0.0,0.6094976797679308
2025,5,2025-10-05,NE,BUF,23,20,7.5,-7.5,0.39431070790404993,0,NE to cover (+7.5),0.21267524228449766,0.10917960231297211,0.06387579140193538,0.0281936671754545,65.0,59.0,0.4,0.6,8.0,5.6,32.4,25.0,24.4,19.4,7,7,49.5,0.45901876728590535,0,Under 49.5,0.0,NE covered (+7.5),1.0,-10.5,0.0,1.0,0.60568929209595
2025,2,2025-09-14,CLE,BAL,17,41,12.5,-12.5,0.6054085896577213,1,BAL to cover (-12.5),0.25876249084795205,-0.3344121269801512,-0.0877912835263146,-0.002525745721936598,61.0,64.6,0.6,0.2,13.0,-15.0,31.8,8.4,18.8,23.4,7,7,46.5,0.5755641405293482,1,Over 46.5,1.0,BAL covered (-12.5),1.0,11.5,1.0,1.0,0.6054085896577213
2025,15,2025-12-14,BAL,CIN,24,0,-2.5,2.5,0.39661605601398897,0,BAL to cover (-2.5),-0.016535229905581504,-0.09378135733161516,0.11415634980826947,-0.09467103394927559,65.2,62.2,0.6,0.2,-4.0,1.0,28.0,21.8,32.0,20.8,7,7,51.5,0.46526914766664346,0,Under 51.5,0.0,BAL covered (-2.5),1.0,-21.5,0.0,1.0,0.603383943986011
2025,10,2025-11-10,PHI,GB,10,7,1.5,-1.5,0.39825554755709797,0,PHI to cover (+1.5),0.20780088048581766,0.11434611975811289,0.0672796491650976,0.03579605578641387,63.0,54.0,0.2,0.6,4.0,1.8,28.4,26.2,24.4,24.4,8,15,45.5,0.36150149209729426,0,Under 45.5,0.0,PHI covered (+1.5),1.0,-4.5,0.0,1.0,0.6017444524429021
2025,18,2026-01-04,DET,CHI,19,16,3.5,-3.5,0.40021295772673576,0,DET to cover (+3.5),0.13306394258432658,0.03311265446267533,0.01662748695899638,0.08138389624981704,67.8,61.8,0.6,0.2,6.4,-3.6,27.2,27.2,20.8,30.8,7,10,51.5,0.44130280003983485,0,Under 51.5,0.0,DET covered (+3.5),1.0,-6.5,0.0,1.0,0.5997870422732643
2025,11,2025-11-16,SF,ARI,41,22,-3.5,3.5,0.400437990622502,0,SF to cover (-3.5),-0.0268369787168967,0.07313666483710866,0.0378670681849413,0.19925318142200538,68.2,60.0,0.6,0.4,-4.2,-3.6,24.0,22.8,28.2,26.4,7,7,48.5,0.5133028101338567,1,Over 48.5,0.0,SF covered (-3.5),1.0,-15.5,1.0,1.0,0.599562009377498
2025,4,2025-09-25,SEA,ARI,23,20,-1.5,1.5,0.4017270892940104,0,SEA to cover (-1.5),0.07988328847486285,0.0038569430314190243,-0.02737475467775996,-0.07798171056158536,61.8,53.8,0.8,0.4,6.0,9.8,23.6,24.8,17.6,15.0,4,4,43.5,0.4737710854856321,0,Under 43.5,0.0,SEA covered (-1.5),1.0,-1.5,0.0,1.0,0.5982729107059896
2025,8,2025-10-26,CLE,NE,13,32,7.0,-7.0,0.5970578565519356,1,NE to cover (-7.0),0.14431685936661648,-0.15809664101027493,-0.0725682121673586,-0.11970623004689804,58.0,62.6,0.8,0.4,9.8,-2.8,27.0,16.0,17.2,18.8,7,7,40.5,0.5958583011285034,1,Over 40.5,1.0,NE covered (-7.0),1.0,12.0,1.0,1.0,0.5970578565519356
2025,16,2025-12-21,ATL,ARI,26,19,-2.5,2.5,0.40328237890871377,0,ATL to cover (-2.5),-0.03231542795229575,0.010035503142198698,0.15039856701848348,0.013767225417880419,66.8,61.6,0.2,0.4,-14.6,-3.8,20.0,22.6,34.6,26.4,7,10,48.5,0.4450574769499515,0,Under 48.5,0.0,ATL covered (-2.5),1.0,-4.5,0.0,1.0,0.5967176210912862
2025,17,2025-12-27,BAL,GB,41,24,2.5,-2.5,0.4042573628649151,0,BAL to cover (+2.5),0.12726413865003378,-0.012784805067462893,-0.0034734227610205754,-0.00036931181942722046,60.4,55.4,0.6,0.2,3.4,2.0,24.8,21.4,21.4,19.4,7,6,38.5,0.5723825080613558,1,Over 38.5,0.0,BAL covered (+2.5),1.0,-19.5,1.0,1.0,0.5957426371350849
2025,15,2025-12-14,TEN,SF,24,37,12.5,-12.5,0.595396541939617,1,SF to cover (-12.5),0.13107150440323312,-0.16383791250461185,0.049286608364514005,0.04901819598405144,61.2,57.6,0.8,0.8,8.4,-7.2,29.4,18.2,21.0,25.4,14,7,44.5,0.543435079200142,1,Over 44.5,1.0,SF covered (-12.5),1.0,0.5,1.0,1.0,0.595396541939617
2025,9,2025-11-03,ARI,DAL,27,17,3.5,-3.5,0.40649721064190936,0,ARI to cover (+3.5),0.21048991448249127,-0.025789477768520502,0.13151083741653463,0.045352209386873545,60.6,66.4,0.6,0.6,2.8,-2.6,34.4,21.2,31.6,23.8,8,15,53.5,0.41791428405572845,0,Under 53.5,0.0,ARI covered (+3.5),1.0,-13.5,0.0,1.0,0.5935027893580906
2025,18,2026-01-04,GB,MIN,3,16,12.5,-12.5,0.5925445012500881,1,MIN to cover (-12.5),-0.10024076599634724,0.1444773745434901,-0.26829556200438665,0.15582243525063982,52.6,56.4,0.8,0.4,5.8,-3.4,20.8,25.0,15.0,28.4,10,8,37.5,0.4422246824707969,0,Under 37.5,1.0,MIN covered (-12.5),1.0,0.5,0.0,1.0,0.5925445012500881
2025,12,2025-11-23,ATL,NO,24,10,1.5,-1.5,0.40908236232721207,0,ATL to cover (+1.5),-0.1939279071355584,-0.06507968046280137,-0.010023478551470654,0.09380342123659798,55.4,56.0,0.2,0.4,-10.4,-8.8,12.6,19.0,23.0,27.8,14,7,41.5,0.47494173561229247,0,Under 41.5,0.0,ATL covered (+1.5),1.0,-15.5,0.0,1.0,0.5909176376727879
2025,15,2025-12-14,BUF,NE,35,31,-2.5,2.5,0.4093073670728903,0,BUF to cover (-2.5),0.106150349716265,0.07211152999522548,-0.054517666968928125,-0.0006807298697419084,62.0,63.4,0.6,0.4,8.6,3.0,27.6,28.2,19.0,25.2,13,7,49.5,0.555367115440766,1,Over 49.5,0.0,BUF covered (-2.5),1.0,-1.5,1.0,1.0,0.5906926329271097
2025,17,2025-12-28,NYG,LV,34,10,-3.0,3.0,0.40989514198648147,0,NYG to cover (-3.0),-0.2438583087846855,-0.039686604590418506,0.03252869067418708,0.12256529433266801,52.4,62.6,0.4,0.4,-14.2,-8.6,12.4,19.2,26.6,27.8,7,7,40.5,0.5383514580270403,1,Over 40.5,0.0,NYG covered (-3.0),1.0,-21.0,1.0,1.0,0.5901048580135185
2025,9,2025-11-02,KC,BUF,21,28,-2.5,2.5,0.5899123699404312,1,BUF to cover (+2.5),0.14750533783098146,0.23252807575557868,-0.05124120531501264,-0.15433195270886463,57.2,65.8,0.2,0.8,8.0,15.8,27.2,30.8,19.2,15.0,7,6,53.5,0.4850503394016132,0,Under 53.5,1.0,BUF covered (+2.5),1.0,9.5,0.0,1.0,0.5899123699404312
2025,5,2025-10-05,WAS,LAC,27,10,2.5,-2.5,0.4108695541875081,0,WAS to cover (+2.5),-0.08453839157092848,0.06541285183824207,-0.09497898571073662,0.12615822077465866,60.6,61.8,0.6,0.4,-0.6,-3.2,20.0,26.0,20.6,29.2,7,7,47.5,0.43521230725329424,0,Under 47.5,0.0,WAS covered (+2.5),1.0,-19.5,0.0,1.0,0.589130445812492
2025,11,2025-11-16,HOU,TEN,16,13,-5.5,5.5,0.58901777706819,1,TEN to cover (+5.5),-0.17934929331944,0.04810094700906873,0.0958435269046458,-0.18993716101338556,56.0,70.4,0.4,0.6,-11.6,8.2,15.8,28.0,27.4,19.8,14,7,37.5,0.4776682189879844,0,Under 37.5,1.0,TEN covered (+5.5),1.0,2.5,0.0,1.0,0.58901777706819
2025,9,2025-11-02,SF,NYG,34,24,-2.5,2.5,0.4115877411914742,0,SF to cover (-2.5),0.005838275045838659,-0.007083021053793656,0.0648998796942043,0.11361718074731648,64.4,64.4,0.6,0.4,-2.2,-2.8,24.2,20.2,26.4,23.0,7,7,47.5,0.5041421198756979,1,Over 47.5,0.0,SF covered (-2.5),1.0,-7.5,1.0,1.0,0.5884122588085259
2025,7,2025-10-20,HOU,SEA,19,27,3.0,-3.0,0.5879996223732745,1,SEA to cover (-3.0),0.1455970853646523,0.02734434629814315,-0.004881150962480649,-0.14852082868350702,57.2,58.0,0.8,0.4,10.6,9.4,30.6,21.6,20.0,12.2,8,15,41.5,0.5801269487772679,1,Over 41.5,1.0,SEA covered (-3.0),1.0,5.0,1.0,1.0,0.5879996223732745
2025,10,2025-11-09,ATL,IND,25,31,6.5,-6.5,0.41223298965138,0,ATL to cover (+6.5),0.22393273336341263,-0.010268402448156947,-0.04728615572790566,0.04059328249295204,59.4,57.6,0.6,0.6,13.8,-3.6,33.4,20.2,19.6,23.8,7,7,48.5,0.5220510294005684,1,Over 48.5,0.0,ATL covered (+6.5),1.0,-0.5,1.0,1.0,0.58776701034862
2025,16,2025-12-21,PIT,DET,29,24,7.5,-7.5,0.41535604296109,0,PIT to cover (+7.5),0.055118720001650925,0.053627150472558595,0.07195501656716645,-0.030014638460387582,59.8,56.6,0.2,0.6,0.0,3.6,29.0,24.8,29.0,21.2,7,6,52.5,0.5220804299211849,1,Over 52.5,0.0,PIT covered (+7.5),1.0,-12.5,1.0,1.0,0.5846439570389099
2025,4,2025-09-28,CLE,DET,10,34,10.0,-10.0,0.5840616658098445,1,DET to cover (-10.0),0.16584069288133002,-0.25680594714451993,0.010285440895076622,-0.0006762876790163575,63.6,65.8,0.6,0.4,6.6,-12.8,33.0,11.8,26.4,24.6,6,7,44.5,0.50529885270979,1,Over 44.5,1.0,DET covered (-10.0),1.0,14.0,0.0,0.0,0.5840616658098445
2025,1,2025-09-07,CIN,CLE,17,16,-5.5,5.5,0.5821836062780456,1,CLE to cover (+5.5),-0.35661342176837707,0.11573291627809865,-0.0018374970532137492,-0.08305469469025384,64.2,66.8,0.0,0.8,-17.4,8.6,8.0,27.4,25.4,18.8,7,7,47.5,0.5358127134026399,1,Over 47.5,1.0,CLE covered (+5.5),1.0,4.5,0.0,0.0,0.5821836062780456
2025,11,2025-11-17,DAL,LV,33,16,-3.5,3.5,0.41814014520160386,0,DAL to cover (-3.5),-0.262501554537051,0.11665013145490932,0.019739678301770047,0.08590916615511127,53.6,60.0,0.6,0.4,-11.8,0.8,12.4,29.8,24.2,29.0,11,14,48.5,0.6049454104385341,1,Over 48.5,0.0,DAL covered (-3.5),1.0,-13.5,1.0,1.0,0.5818598547983962
2025,10,2025-11-09,BAL,MIN,27,19,-4.5,4.5,0.4182127126066679,0,BAL to cover (-4.5),-0.09077231319290636,-0.060593984686518665,0.13335693517760594,0.08263833018664621,60.2,56.0,0.4,0.4,-5.8,-5.8,20.2,18.2,26.0,24.0,7,10,48.5,0.46180289955064446,0,Under 48.5,0.0,BAL covered (-4.5),1.0,-3.5,0.0,1.0,0.5817872873933321
2025,12,2025-11-23,IND,KC,20,23,3.5,-3.5,0.4182257336446664,0,IND to cover (+3.5),0.16475533314538485,0.19876393860717448,-0.09466255918146536,-0.0180749782867419,63.6,62.2,0.6,0.4,11.0,8.2,25.8,31.6,14.8,23.4,7,14,50.5,0.4550626199808763,0,Under 50.5,0.0,IND covered (+3.5),1.0,-0.5,0.0,1.0,0.5817742663553336
2025,16,2025-12-21,NYJ,NO,6,29,6.5,-6.5,0.5804197852471494,1,NO to cover (-6.5),-0.030637623171668016,-0.17113768585500877,-0.14695173100662126,0.16513461864837556,65.4,60.2,0.8,0.4,-0.2,-15.0,17.6,16.2,17.8,31.2,7,7,39.5,0.46139402690173126,0,Under 39.5,1.0,NO covered (-6.5),1.0,16.5,0.0,1.0,0.5804197852471494
2025,8,2025-10-26,TB,NO,23,3,-4.5,4.5,0.4204125163995689,0,TB to cover (-4.5),-0.1004623214684475,0.028616193604137186,0.059655600332388946,-0.011797275512927566,60.2,60.8,0.4,0.4,-9.8,-1.0,18.2,26.2,28.0,27.2,7,6,46.5,0.4314002617861654,0,Under 46.5,0.0,TB covered (-4.5),1.0,-15.5,0.0,1.0,0.5795874836004311
2025,15,2025-12-14,NYJ,JAX,20,48,13.5,-13.5,0.5791994719819793,1,JAX to cover (-13.5),-0.051783930374140974,-0.19868006297163368,-0.23947870598294663,0.08318149926329321,59.8,55.6,0.8,0.6,12.8,-8.0,30.4,17.6,17.6,25.6,7,7,40.5,0.5479158262395376,1,Over 40.5,1.0,JAX covered (-13.5),1.0,14.5,1.0,1.0,0.5791994719819793
2025,3,2025-09-21,NO,SEA,13,44,7.5,-7.5,0.5778929706456088,1,SEA to cover (-7.5),-0.016741404309234646,-0.1494299755802531,-0.03514111035474356,0.13653688003032163,55.2,60.6,0.2,0.2,3.0,-13.8,20.8,12.6,17.8,26.4,7,7,41.5,0.5387022247789847,1,Over 41.5,1.0,SEA covered (-7.5),1.0,23.5,1.0,1.0,0.5778929706456088
2025,9,2025-10-30,BAL,MIA,28,6,-7.5,7.5,0.42279045732182496,0,BAL to cover (-7.5),-0.01994071392205607,-0.08941849664447947,0.0004023597613144747,0.20100790853042816,57.4,56.2,0.6,0.2,0.0,-11.8,23.6,18.6,23.6,30.4,4,4,51.5,0.487609567432272,0,Under 51.5,0.0,BAL covered (-7.5),1.0,-14.5,0.0,1.0,0.577209542678175
2025,2,2025-09-14,DEN,IND,28,29,-2.5,2.5,0.4228859445803478,0,DEN to cover (-2.5),0.017139478959486133,0.10048712080183211,-0.018368106182720563,-0.03411566910658383,71.0,61.0,0.4,0.2,1.2,1.8,28.6,23.2,27.4,21.4,7,7,43.5,0.4975472296800551,0,Under 43.5,1.0,IND covered (+2.5),0.0,3.5,1.0,0.0,0.5771140554196522
2025,10,2025-11-09,NYG,CHI,20,24,4.5,-4.5,0.42497873164380096,0,NYG to cover (+4.5),0.12325880954956774,0.06892912421870377,-0.02207769936924831,0.16429540547704904,65.4,61.6,0.8,0.4,1.0,-4.8,27.8,24.8,26.8,29.6,7,7,45.5,0.49303243376798056,0,Under 45.5,0.0,NYG covered (+4.5),1.0,-0.5,0.0,1.0,0.575021268356199
2025,6,2025-10-12,SEA,JAX,20,12,-1.5,1.5,0.4250167260239753,0,SEA to cover (-1.5),0.037664182203494725,0.08219342109788205,-0.07018615795276521,0.021976875522512762,61.8,56.8,0.8,0.6,5.4,8.2,25.4,29.2,20.0,21.0,6,7,47.5,0.46014970126064947,0,Under 47.5,0.0,SEA covered (-1.5),1.0,-6.5,0.0,1.0,0.5749832739760248
2025,5,2025-10-05,DAL,NYJ,37,22,1.5,-1.5,0.42697570284691994,0,DAL to cover (+1.5),-0.00989629047527405,0.08875300189064858,0.07746568778291155,0.22245435683497927,58.6,69.6,0.6,0.6,-3.6,-4.4,24.4,26.6,28.0,31.0,6,7,48.5,0.5499840861427351,1,Over 48.5,0.0,DAL covered (+1.5),1.0,-16.5,1.0,1.0,0.5730242971530801
2025,13,2025-12-01,NYG,NE,15,33,7.0,-7.0,0.5719224060362877,1,NE to cover (-7.0),0.08700789569089865,0.10671974146248941,-0.10267680783983602,0.2621045655039459,62.2,63.8,0.6,0.6,8.8,-9.2,27.4,22.2,18.6,31.4,8,8,46.5,0.5726106898500418,1,Over 46.5,1.0,NE covered (-7.0),1.0,11.0,1.0,1.0,0.5719224060362877
2025,3,2025-09-22,DET,BAL,38,30,4.5,-4.5,0.42870723166527375,0,DET to cover (+4.5),0.221526824042022,0.16462160138557733,-0.05741988410505726,0.06545504062604157,58.8,64.0,0.6,0.6,12.0,6.2,33.8,33.4,21.8,27.2,8,8,53.5,0.5363736530935976,1,Over 53.5,0.0,DET covered (+4.5),1.0,-12.5,1.0,1.0,0.5712927683347262
2025,21,2026-01-25,NE,DEN,10,7,-3.5,3.5,0.5712238373255282,1,DEN to cover (+3.5),0.015459807846320239,0.15282657859522336,-0.08382214832785907,-0.2196461435296881,64.2,61.0,0.6,1.0,4.0,17.8,25.2,30.4,21.2,12.6,8,7,43.5,0.46401995816946007,0,Under 43.5,1.0,DEN covered (+3.5),1.0,0.5,0.0,1.0,0.5712238373255282
2025,16,2025-12-21,LV,HOU,21,23,14.5,-14.5,0.42964656311124705,0,LV to cover (+14.5),0.01065524185258746,-0.27886794998160924,-0.13622582141149991,0.09098158643182522,63.8,53.2,0.8,0.2,8.2,-17.2,23.8,11.4,15.6,28.6,7,7,39.5,0.6229530935218568,1,Over 39.5,0.0,LV covered (+14.5),1.0,-12.5,1.0,1.0,0.570353436888753
2025,2,2025-09-14,JAX,CIN,27,31,3.5,-3.5,0.4301196852956269,0,JAX to cover (+3.5),0.06263920174714091,0.04880230394536204,-0.08999842903546103,0.023487760069976726,64.0,64.2,0.6,0.6,7.4,1.6,25.4,21.6,18.0,20.0,7,7,49.5,0.5375011643864881,1,Over 49.5,1.0,CIN covered (-3.5),0.0,0.5,1.0,1.0,0.5698803147043732
2025,12,2025-11-23,SEA,TEN,30,24,-12.5,12.5,0.5694467207797593,1,TEN to cover (+12.5),-0.19526650089454284,0.025154604778782563,0.09740604109137557,-0.14726935183856896,55.2,59.4,0.4,1.0,-12.4,12.0,14.0,29.6,26.4,17.6,7,7,41.5,0.5578717883534544,1,Over 41.5,1.0,TEN covered (+12.5),1.0,6.5,1.0,1.0,0.5694467207797593
2025,13,2025-11-30,ATL,NYJ,24,27,-3.0,3.0,0.43074708912656623,0,ATL to cover (-3.0),-0.09286646562061589,-0.06469371116420644,0.04772350788788536,0.03194597215136559,57.8,54.8,0.6,0.6,-5.0,-4.0,19.2,21.8,24.2,25.8,7,7,38.5,0.5132234482820828,1,Over 38.5,1.0,NYJ covered (+3.0),0.0,6.0,1.0,1.0,0.5692529108734338
2025,12,2025-11-23,PIT,CHI,28,31,3.0,-3.0,0.43140880678655463,0,PIT to cover (+3.0),0.11001127145156912,-0.0165840558419367,-0.007733878185766962,0.04337680725642233,67.8,56.2,0.6,0.4,1.8,0.4,26.4,25.4,24.6,25.0,7,7,46.5,0.4901387133110013,0,Under 46.5,0.0,Push,1.0,0.0,1.0,0.0,0.5685911932134453
2025,13,2025-11-30,LA,CAR,28,31,-10.0,10.0,0.568312009531036,1,CAR to cover (+10.0),-0.14855232512911754,0.14386477460392327,0.1347187175998928,-0.19677635736911328,56.6,60.0,0.4,0.8,-9.2,19.4,14.2,33.2,23.4,13.8,6,7,44.5,0.5813469115564984,1,Over 44.5,1.0,CAR covered (+10.0),1.0,13.0,1.0,1.0,0.568312009531036
2025,2,2025-09-14,ATL,MIN,22,6,3.5,-3.5,0.4318693028041101,0,ATL to cover (+3.5),-0.14351879955350655,0.05666088151491846,-0.0015631472349442205,0.010793862321035252,61.8,65.4,0.6,0.2,-6.4,3.6,19.8,26.2,26.2,22.6,6,7,44.5,0.4331564684772097,0,Under 44.5,0.0,ATL covered (+3.5),1.0,-19.5,0.0,1.0,0.5681306971958899
2025,5,2025-10-05,DEN,PHI,21,17,3.5,-3.5,0.43222363820376214,0,DEN to cover (+3.5),0.023533132259578295,0.019208153719283305,-0.12448238883029564,-0.045473127192645145,60.6,57.8,0.8,0.2,7.6,1.0,29.6,20.6,22.0,19.6,7,6,44.5,0.534343184749279,1,Over 44.5,0.0,DEN covered (+3.5),1.0,-7.5,0.0,0.0,0.5677763617962379
2025,15,2025-12-14,CLE,CHI,3,31,7.5,-7.5,0.5673307434811536,1,CHI to cover (-7.5),0.028505747127417373,-0.19242162736333332,0.003331390721061095,-0.16957120031946116,69.4,59.6,0.4,0.4,2.2,-4.0,23.8,19.4,21.6,23.4,7,7,38.5,0.44021044183864994,0,Under 38.5,1.0,CHI covered (-7.5),1.0,20.5,0.0,1.0,0.5673307434811536
2025,5,2025-10-05,TB,SEA,38,35,3.5,-3.5,0.4327862370084112,0,TB to cover (+3.5),0.049075535709233904,0.04535950052341571,-0.05254065467038551,-0.03119780857749711,56.6,60.4,0.6,0.4,9.8,-0.6,28.2,23.4,18.4,24.0,10,7,44.5,0.5879585584188858,1,Over 44.5,0.0,TB covered (+3.5),1.0,-6.5,1.0,1.0,0.5672137629915888
2025,6,2025-10-12,NE,NO,25,19,-3.5,3.5,0.432951050884053,0,NE to cover (-3.5),-0.056775133973199776,0.11486109666464325,0.027723979520768115,0.04940852175680427,66.2,58.6,0.4,0.6,-8.6,4.8,18.4,25.0,27.0,20.2,7,7,46.5,0.37547034259987905,0,Under 46.5,0.0,NE covered (-3.5),1.0,-2.5,0.0,1.0,0.5670489491159469
2025,6,2025-10-12,TEN,LV,10,20,3.5,-3.5,0.5669452850134562,1,LV to cover (-3.5),-0.1281584065152438,-0.21729737474840993,0.07003144344125681,0.13297103983269035,61.0,58.0,0.2,0.4,-11.2,-13.6,16.6,14.6,27.8,28.2,7,7,41.5,0.44068746060884023,0,Under 41.5,1.0,LV covered (-3.5),1.0,6.5,0.0,1.0,0.5669452850134562
2025,13,2025-11-27,GB,DET,31,24,2.5,-2.5,0.4334548533606734,0,GB to cover (+2.5),0.02047865583166542,0.11459321348271675,-0.07612142012571133,-0.08362202745089076,63.2,61.2,0.4,0.4,6.8,5.6,27.0,21.0,20.2,15.4,4,4,48.5,0.5337162710572704,1,Over 48.5,0.0,GB covered (+2.5),1.0,-9.5,1.0,1.0,0.5665451466393265
2025,16,2025-12-21,NE,BAL,28,24,3.5,-3.5,0.43368446397694127,0,NE to cover (+3.5),-0.05149018240305929,0.15232604058460508,-0.12437562229525363,-0.016248390082917074,56.4,59.2,0.2,0.6,4.2,7.6,21.2,29.0,17.0,21.4,7,7,48.5,0.484686157202683,0,Under 48.5,0.0,NE covered (+3.5),1.0,-7.5,1.0,0.0,0.5663155360230587
2025,2,2025-09-14,SF,NO,26,21,-3.0,3.0,0.4336895126682275,0,SF to cover (-3.0),-0.15135314602775302,0.04816651183988131,0.1413032027665673,0.08765189544281257,57.4,62.4,0.4,0.2,-13.0,-8.6,12.2,19.6,25.2,28.2,7,7,40.5,0.5171418526670759,1,Over 40.5,0.0,SF covered (-3.0),1.0,-2.0,1.0,1.0,0.5663104873317726
2025,10,2025-11-09,NE,TB,28,23,2.5,-2.5,0.43398413581752066,0,NE to cover (+2.5),-0.004498722419628847,0.11474363519384109,-0.069309536133154,-0.11313134445139703,59.4,60.2,0.6,0.8,2.6,9.4,25.0,27.0,22.4,17.6,14,7,48.5,0.4949294806541389,0,Under 48.5,0.0,NE covered (+2.5),1.0,-7.5,1.0,0.0,0.5660158641824793
2025,6,2025-10-12,ARI,IND,27,31,8.5,-8.5,0.4340595057443529,0,ARI to cover (+8.5),0.19848234732361175,0.0008782306010206465,-0.0737406916728967,-0.02002061159270383,60.6,60.0,0.8,0.4,14.8,1.4,32.6,20.6,17.8,19.2,7,7,46.5,0.561597358973106,1,Over 46.5,0.0,ARI covered (+8.5),1.0,-4.5,1.0,1.0,0.5659404942556471
2025,12,2025-11-23,TB,LA,7,34,7.0,-7.0,0.5659400030282744,1,LA to cover (-7.0),0.1181051855656849,-0.03496468759100252,-0.17720746381618319,-0.05139388819930853,58.8,61.6,0.8,0.4,16.8,-0.2,29.8,23.4,13.0,23.6,7,7,49.5,0.49531124850987623,0,Under 49.5,1.0,LA covered (-7.0),1.0,20.0,0.0,1.0,0.5659400030282744
2025,11,2025-11-16,SEA,LA,19,21,3.0,-3.0,0.4342024455382182,0,SEA to cover (+3.0),0.16787030235799466,0.14621415715014144,-0.11227852734482324,-0.033156254228386195,61.4,54.4,0.8,0.8,15.8,11.8,30.2,32.8,14.4,21.0,7,7,49.5,0.467094757674522,0,Under 49.5,0.0,SEA covered (+3.0),1.0,-1.0,0.0,1.0,0.5657975544617818
2025,7,2025-10-19,IND,LAC,38,24,2.5,-2.5,0.43430892853607456,0,IND to cover (+2.5),-0.0524741581425696,0.17543340410759617,-0.047477163758546055,-0.0044012628592547095,63.4,57.8,0.4,0.6,-0.8,10.6,20.0,32.2,20.8,21.6,7,7,48.5,0.48135729186876963,0,Under 48.5,0.0,IND covered (+2.5),1.0,-16.5,1.0,0.0,0.5656910714639254
2025,9,2025-11-02,DEN,HOU,18,15,1.5,-1.5,0.434416900572384,0,DEN to cover (+1.5),0.05189634904024339,0.13187624083552948,-0.2254443359758759,-0.09888834350639097,66.2,67.2,0.6,0.6,11.2,10.4,25.0,27.8,13.8,17.4,7,7,40.5,0.43173175466047015,0,Under 40.5,0.0,DEN covered (+1.5),1.0,-4.5,0.0,1.0,0.565583099427616
2025,13,2025-11-30,NO,MIA,17,21,5.5,-5.5,0.43450544043264266,0,NO to cover (+5.5),-0.0646508525298232,-0.24066313744311468,-0.04214911778747853,-0.06399587272613101,57.6,60.8,0.6,0.2,-0.6,-12.0,18.4,10.8,19.0,22.8,14,7,41.5,0.5083280023430654,1,Over 41.5,0.0,NO covered (+5.5),1.0,-1.5,0.0,0.0,0.5654945595673573
2025,2,2025-09-15,LAC,LV,20,9,-3.5,3.5,0.4346517018092814,0,LAC to cover (-3.5),-0.044521001428654575,0.12007385376263477,-0.09612385858175934,-0.07045922622018033,61.6,64.2,0.8,0.8,1.4,8.0,18.6,29.4,17.2,21.4,8,10,46.5,0.3899008865272262,0,Under 46.5,0.0,LAC covered (-3.5),1.0,-7.5,0.0,1.0,0.5653482981907185
2025,15,2025-12-14,ARI,HOU,20,40,10.5,-10.5,0.5652807632953085,1,HOU to cover (-10.5),-0.02428339533258288,-0.07691187570230676,-0.18575541790952568,0.11547936732728956,66.2,68.8,0.8,0.2,5.6,-15.0,23.0,20.4,17.4,35.4,7,7,42.5,0.5561842362047037,1,Over 42.5,1.0,HOU covered (-10.5),1.0,9.5,1.0,1.0,0.5652807632953085
2025,17,2025-12-29,LA,ATL,24,27,-7.5,7.5,0.5639737338644685,1,ATL to cover (+7.5),-0.0047214696575753265,0.22300843370701912,-0.012578574323242922,-0.013264695146225034,64.2,65.2,0.6,0.8,-1.8,11.6,22.4,37.0,24.2,25.4,8,11,48.5,0.4525684608166736,0,Under 48.5,1.0,ATL covered (+7.5),1.0,10.5,1.0,0.0,0.5639737338644685
2025,10,2025-11-09,JAX,HOU,29,36,-1.5,1.5,0.563638320615517,1,HOU to cover (+1.5),0.06337364567470335,0.01624705781136803,-0.2107917363754257,0.08618928094357212,69.2,66.4,0.6,0.4,12.0,-5.4,26.0,21.2,14.0,26.6,7,7,37.5,0.5367944527925768,1,Over 37.5,1.0,HOU covered (+1.5),1.0,8.5,1.0,1.0,0.563638320615517
2025,6,2025-10-13,CHI,WAS,25,24,5.5,-5.5,0.4366509359143198,0,CHI to cover (+5.5),0.13417845178210774,-0.045311299879713655,0.018354859105036214,-0.021710612258044007,56.8,60.4,0.6,0.6,6.6,-2.8,26.8,25.0,20.2,27.8,8,15,49.5,0.45092765729686385,0,Under 49.5,0.0,CHI covered (+5.5),1.0,-6.5,0.0,1.0,0.5633490640856802
2025,21,2026-01-25,LA,SEA,27,31,2.5,-2.5,0.5633229041909562,1,SEA to cover (-2.5),0.04353826567976678,0.10582523499770682,-0.2359800031889327,0.01480690814045699,60.4,72.8,0.6,0.4,13.0,3.8,27.4,30.4,14.4,26.6,8,7,45.5,0.5877640006075615,1,Over 45.5,1.0,SEA covered (-2.5),1.0,1.5,1.0,1.0,0.5633229041909562
2025,1,2025-09-07,MIA,IND,8,33,1.5,-1.5,0.4367644543323443,0,MIA to cover (+1.5),-0.017687785691786546,-0.00914736728918258,0.06996636401930204,-0.0415931459331342,68.6,62.8,0.2,0.4,-3.6,3.0,27.0,22.6,30.6,19.6,7,7,47.5,0.4667598953998249,0,Under 47.5,1.0,IND covered (-1.5),0.0,23.5,0.0,1.0,0.5632355456676557
2025,4,2025-09-28,CHI,LV,25,24,1.5,-1.5,0.43712610926317863,0,CHI to cover (+1.5),-0.04645294809409877,-0.06289883120154582,0.04017033776431501,-0.016721709997441735,61.6,59.2,0.4,0.6,-4.0,-3.6,19.6,20.6,23.6,24.2,7,7,47.5,0.491802168341427,0,Under 47.5,0.0,CHI covered (+1.5),1.0,-2.5,1.0,0.0,0.5628738907368214
2025,7,2025-10-19,LA,JAX,35,7,-3.0,3.0,0.4379495305325586,0,LA to cover (-3.0),0.0028032520995963117,0.08637801301402223,-0.008584789220660149,-0.08138463317148084,63.4,60.2,0.6,0.6,0.6,5.0,22.6,25.2,22.0,20.2,7,7,44.5,0.472007361347154,0,Under 44.5,0.0,LA covered (-3.0),1.0,-25.0,0.0,1.0,0.5620504694674414
2025,15,2025-12-11,ATL,TB,29,28,6.0,-6.0,0.43810076656819097,0,ATL to cover (+6.0),-0.08959844259706655,-0.04678742848298417,0.1017666000451359,0.032943633473761925,65.2,60.2,0.0,0.4,-9.0,-5.2,20.4,21.8,29.4,27.0,4,4,43.5,0.4489220161936604,0,Under 43.5,0.0,ATL covered (+6.0),1.0,-7.0,1.0,0.0,0.561899233431809
2025,18,2026-01-04,LAC,DEN,3,19,14.5,-14.5,0.5616962129234219,1,DEN to cover (-14.5),0.11324435828975803,0.010376761781200717,-0.014120353163958493,-0.16349835959332865,68.0,63.4,0.2,0.8,1.8,7.2,25.0,23.8,23.2,16.6,10,8,37.5,0.3950808668597539,0,Under 37.5,1.0,DEN covered (-14.5),1.0,1.5,0.0,1.0,0.5616962129234219
2025,3,2025-09-21,PIT,NE,21,14,-1.5,1.5,0.43878585588522534,0,PIT to cover (-1.5),-0.053146690099246954,-0.039537293196827805,0.10853922698099672,0.17437525365693418,59.0,57.6,0.6,0.2,-6.0,-9.4,19.4,18.4,25.4,27.8,7,7,44.5,0.45726632149560087,0,Under 44.5,0.0,PIT covered (-1.5),1.0,-5.5,0.0,1.0,0.5612141441147747
2025,6,2025-10-12,CLE,PIT,9,23,5.5,-5.5,0.5606796531500925,1,PIT to cover (-5.5),0.04692702844014235,-0.16804531327892389,0.09452013475327284,-0.03086337980905013,50.8,65.8,0.4,0.4,-3.2,-10.0,22.0,14.6,25.2,24.6,14,7,37.5,0.47293170877974844,0,Under 37.5,1.0,PIT covered (-5.5),1.0,8.5,0.0,1.0,0.5606796531500925
2025,9,2025-11-02,MIN,DET,27,24,9.5,-9.5,0.4395165636145358,0,MIN to cover (+9.5),0.09656391608772001,-0.06225516398453751,-0.11336758827734017,-0.022715078315932762,59.2,60.8,0.8,0.4,9.4,1.2,30.0,24.4,20.6,23.2,13,10,47.5,0.5733809586755976,1,Over 47.5,0.0,MIN covered (+9.5),1.0,-12.5,1.0,1.0,0.5604834363854643
2025,13,2025-11-30,BUF,PIT,26,7,-3.0,3.0,0.43966563482042276,0,BUF to cover (-3.0),-0.0893512465408976,0.1161595321418674,-0.019755133349884747,-0.0014953403007952725,59.2,61.6,0.4,0.6,0.2,5.8,24.8,28.8,24.6,23.0,7,10,44.5,0.40846635466550685,0,Under 44.5,0.0,BUF covered (-3.0),1.0,-16.0,0.0,1.0,0.5603343651795772
2025,14,2025-12-07,LA,ARI,45,17,-9.5,9.5,0.4397236845675026,0,LA to cover (-9.5),-0.04187510309900326,0.1476455715170643,0.005541197961868067,-0.11722161319089604,69.2,58.4,0.4,0.6,-7.4,13.2,22.4,31.8,29.8,18.6,7,7,49.5,0.4521709803159199,0,Under 49.5,0.0,LA covered (-9.5),1.0,-18.5,1.0,0.0,0.5602763154324975
2025,7,2025-10-19,PHI,MIN,28,22,-2.5,2.5,0.44004490199496954,0,PHI to cover (-2.5),-0.08504522429779852,-0.030979916123651592,-0.1400267683619974,0.001526851882633684,57.4,57.4,0.6,0.6,5.2,-1.0,24.6,23.6,19.4,24.6,14,10,43.5,0.5369377431546485,1,Over 43.5,0.0,PHI covered (-2.5),1.0,-3.5,1.0,1.0,0.5599550980050305
2025,9,2025-11-02,ATL,NE,23,24,5.5,-5.5,0.4401803679607586,0,ATL to cover (+5.5),0.19046951109176777,-0.09203272282047345,-0.13194364791210453,0.036118094017932374,56.2,60.0,1.0,0.4,15.0,-9.4,30.6,15.6,15.6,25.0,7,7,45.5,0.5454338891788595,1,Over 45.5,0.0,ATL covered (+5.5),1.0,-4.5,1.0,1.0,0.5598196320392415
2025,1,2025-09-08,MIN,CHI,27,24,-1.5,1.5,0.4409865461783288,0,MIN to cover (-1.5),-0.1459148000558204,-0.10170935618596773,0.09714987221010199,-0.029321009278090608,57.8,65.8,0.4,0.6,-12.2,-3.4,13.8,20.4,26.0,23.8,7,7,43.5,0.5058982325228333,1,Over 43.5,0.0,MIN covered (-1.5),1.0,-1.5,1.0,1.0,0.5590134538216712
2025,7,2025-10-19,LV,KC,0,31,13.5,-13.5,0.5588482486053997,1,KC to cover (-13.5),0.14063698305093925,-0.18706006169915607,-0.03517896917683442,0.021712865765675625,62.0,59.8,0.6,0.2,7.4,-10.6,26.8,16.6,19.4,27.2,7,7,44.5,0.48885041410658053,0,Under 44.5,1.0,KC covered (-13.5),1.0,17.5,0.0,1.0,0.5588482486053997
2025,8,2025-10-26,BUF,CAR,40,9,-7.0,7.0,0.4417037614210798,0,BUF to cover (-7.0),0.04490687131102561,0.11829469950638016,0.014413557127420984,-0.04134371488542096,62.2,58.6,0.8,0.2,2.8,5.8,22.6,25.2,19.8,19.4,7,13,47.5,0.49801111244632823,0,Under 47.5,0.0,BUF covered (-7.0),1.0,-24.0,1.0,0.0,0.5582962385789202
2025,1,2025-09-07,BAL,BUF,40,41,-1.5,1.5,0.5572246201685203,1,BUF to cover (+1.5),0.13238314897970596,0.21724311046779735,0.021579945941261076,-0.17058074792431804,64.4,62.8,0.6,0.8,8.4,16.6,28.6,30.6,20.2,14.0,7,7,50.5,0.5874951334486732,1,Over 50.5,1.0,BUF covered (+1.5),1.0,2.5,1.0,1.0,0.5572246201685203
2025,14,2025-12-07,WAS,MIN,0,31,-1.5,1.5,0.5572055136974865,1,MIN to cover (+1.5),-0.301342375379698,0.023160507336051666,-0.042411103516389215,0.2688724264481317,52.8,63.0,0.2,0.2,-10.0,-14.2,13.8,16.4,23.8,30.6,7,7,43.5,0.46535333820832014,0,Under 43.5,1.0,MIN covered (+1.5),1.0,32.5,0.0,1.0,0.5572055136974865
2025,2,2025-09-15,TB,HOU,20,19,2.5,-2.5,0.4429132319305692,0,TB to cover (+2.5),-0.09762948087082868,0.19659394568824978,-0.07762498049231235,0.016213178040273623,60.0,60.6,0.6,0.4,-2.8,8.0,16.0,28.4,18.8,20.4,8,8,42.5,0.4654043491094928,0,Under 42.5,0.0,TB covered (+2.5),1.0,-3.5,0.0,1.0,0.5570867680694308
2025,8,2025-10-26,TEN,IND,14,38,15.5,-15.5,0.5565391592642701,1,IND to cover (-15.5),0.23236422315840563,-0.22886735439828026,-0.025274998049595578,0.11139875954006873,55.4,56.0,0.6,0.2,13.2,-14.8,34.0,13.0,20.8,27.8,7,7,47.5,0.5610123656880721,1,Over 47.5,1.0,IND covered (-15.5),1.0,8.5,1.0,1.0,0.5565391592642701
2025,20,2026-01-18,LA,CHI,20,17,-3.5,3.5,0.5562314307883677,1,CHI to cover (+3.5),0.12020908593089077,0.1376256134852967,0.04837684235910964,0.05315955517801376,63.6,71.4,0.6,0.6,6.2,4.6,27.6,34.6,21.4,30.0,8,8,49.5,0.4622862765808614,0,Under 49.5,1.0,CHI covered (+3.5),1.0,0.5,0.0,1.0,0.5562314307883677
2025,19,2026-01-11,SF,PHI,23,19,6.0,-6.0,0.4442833813127121,0,SF to cover (+6.0),0.010041620297632631,0.11708715929915851,-0.1906826794115603,0.08625784464236183,62.2,61.4,0.6,0.8,6.6,9.2,21.8,31.2,15.2,22.0,7,8,44.5,0.4273636132669641,0,Under 44.5,0.0,SF covered (+6.0),1.0,-10.0,0.0,1.0,0.5557166186872879
2025,18,2026-01-04,CLE,CIN,20,18,9.5,-9.5,0.44433367772542576,0,CLE to cover (+9.5),0.10396710034622936,-0.2095823247445538,0.003880354505086199,-0.0350716686357669,67.8,59.2,0.8,0.4,7.2,-8.8,29.6,14.6,22.4,23.4,7,7,47.5,0.4997908477150526,0,Under 47.5,0.0,CLE covered (+9.5),1.0,-11.5,0.0,1.0,0.5556663222745742
2025,1,2025-09-07,TB,ATL,23,20,-1.5,1.5,0.4444758241457846,0,TB to cover (-1.5),0.06561954303340364,0.21866838505715677,0.07951130409738529,-0.0691227385441828,65.6,63.0,0.2,0.4,0.0,12.0,26.4,31.8,26.4,19.8,7,7,47.5,0.4278815433236754,0,Under 47.5,0.0,TB covered (-1.5),1.0,-1.5,0.0,1.0,0.5555241758542153
2025,2,2025-09-14,NYG,DAL,37,40,4.5,-4.5,0.4449470170049931,0,NYG to cover (+4.5),-0.0190646454908611,-0.12807993477593688,0.054684922469815656,0.14236044918238747,62.2,55.8,0.8,0.2,-4.8,-11.6,20.4,17.0,25.2,28.6,10,7,44.5,0.5450608102090642,1,Over 44.5,0.0,NYG covered (+4.5),1.0,-1.5,1.0,1.0,0.5550529829950068
2025,18,2026-01-04,NO,ATL,17,19,4.5,-4.5,0.4451567175838364,0,NO to cover (+4.5),0.04084985734224934,0.03990464632371342,0.021662691746787453,-0.14808361175243298,64.0,62.6,0.6,1.0,-4.0,6.8,23.0,24.8,27.0,18.0,6,7,43.5,0.45555057313417857,0,Under 43.5,0.0,NO covered (+4.5),1.0,-2.5,0.0,1.0,0.5548432824161635
2025,9,2025-11-02,NO,LA,10,34,14.0,-14.0,0.5546766692197945,1,LA to cover (-14.0),0.04188093077771284,-0.17116649907970688,-0.08867752416203185,0.0018290768197643747,60.4,60.2,0.6,0.4,7.8,-7.6,25.6,16.2,17.8,23.8,14,7,44.5,0.5335777186400347,1,Over 44.5,1.0,LA covered (-14.0),1.0,10.0,0.0,0.0,0.5546766692197945
2025,3,2025-09-21,ARI,SF,15,16,1.5,-1.5,0.4458681388501454,0,ARI to cover (+1.5),0.11471465609019356,0.11475907170885442,0.0911947544198061,0.0329677838776196,64.6,61.8,0.4,0.6,-6.4,5.0,23.6,26.6,30.0,21.6,7,7,44.5,0.43535852023849764,0,Under 44.5,0.0,ARI covered (+1.5),1.0,-0.5,0.0,1.0,0.5541318611498546
2025,13,2025-11-30,ARI,TB,17,20,4.5,-4.5,0.44595959245020694,0,ARI to cover (+4.5),-0.1798211216928868,-0.047056437088228896,-0.01520754284375643,0.01665979164437535,65.0,71.2,0.2,0.4,-7.8,-7.6,18.8,23.6,26.6,31.2,7,7,44.5,0.43344523310335203,0,Under 44.5,0.0,ARI covered (+4.5),1.0,-1.5,0.0,1.0,0.5540404075497931
2025,2,2025-09-14,NE,MIA,33,27,1.5,-1.5,0.44614741915357037,0,NE to cover (+1.5),-0.10693535748447669,-0.11300678715641506,-0.03517043100583289,0.11128294281542561,59.0,58.2,0.4,0.4,-3.2,-9.8,17.8,16.2,21.0,26.0,7,7,43.5,0.5143061737609058,1,Over 43.5,0.0,NE covered (+1.5),1.0,-7.5,1.0,1.0,0.5538525808464296
2025,4,2025-09-28,CAR,NE,13,42,5.5,-5.5,0.4463491987642538,0,CAR to cover (+5.5),-0.07960018531581321,0.005178402303586284,0.09128218901110755,0.1374134318171137,59.6,60.4,0.4,0.6,-6.8,-3.8,18.0,24.0,24.8,27.8,7,7,42.5,0.46490770418885297,0,Under 42.5,1.0,NE covered (-5.5),0.0,23.5,1.0,0.0,0.5536508012357462
2025,20,2026-01-17,SF,SEA,6,41,6.5,-6.5,0.5529666880030146,1,SEA to cover (-6.5),0.031466398976743026,0.13614476943190928,-0.21598117975211117,0.11713314250751834,61.6,59.6,0.6,0.8,11.6,6.4,26.6,30.6,15.0,24.2,14,6,44.5,0.5717463038136996,1,Over 44.5,1.0,SEA covered (-6.5),1.0,28.5,1.0,1.0,0.5529666880030146
2025,5,2025-10-06,KC,JAX,28,31,-3.5,3.5,0.4482121026762648,0,KC to cover (-3.5),0.03807371310005818,0.024089990281716316,-0.10568306508727261,0.004432184596195238,64.2,59.6,0.8,0.4,4.2,0.6,23.8,23.8,19.6,23.2,8,8,45.5,0.4955871443466356,0,Under 45.5,1.0,JAX covered (+3.5),0.0,6.5,1.0,0.0,0.5517878973237351
2025,8,2025-10-26,NYJ,CIN,39,38,5.5,-5.5,0.4487622896231524,0,NYJ to cover (+5.5),-0.14830449777825921,-0.13815587696041268,0.22890637145284595,0.07214989623052082,56.4,61.8,0.4,0.4,-16.6,-6.4,17.6,17.4,34.2,23.8,10,7,43.5,0.5508428698653015,1,Over 43.5,0.0,NYJ covered (+5.5),1.0,-6.5,1.0,1.0,0.5512377103768475
2025,1,2025-09-07,SF,SEA,17,13,-2.5,2.5,0.44877285509441256,0,SF to cover (-2.5),-0.015343900761733332,0.1070792902811758,-0.01783711436682011,0.10978804824388941,56.0,60.4,0.2,0.2,0.0,-4.4,20.6,23.8,20.6,28.2,7,7,43.5,0.427082290495665,0,Under 43.5,0.0,SF covered (-2.5),1.0,-1.5,0.0,1.0,0.5512271449055874
2025,13,2025-11-28,CHI,PHI,24,15,7.0,-7.0,0.44903671081863067,0,CHI to cover (+7.0),0.09868446714357074,0.09400845876375566,-0.11885273719825584,0.05183977354587689,57.6,66.6,0.8,0.4,6.2,0.0,22.6,27.4,16.4,27.4,5,5,43.5,0.47719988023530324,0,Under 43.5,0.0,CHI covered (+7.0),1.0,-16.0,0.0,1.0,0.5509632891813694
2025,11,2025-11-16,CAR,ATL,30,27,4.5,-4.5,0.4490642486825464,0,CAR to cover (+4.5),-0.07708403157962174,-0.11420749885415545,0.04452861217520736,0.09439390676872404,57.4,58.6,0.6,0.6,-6.2,-5.6,18.4,15.0,24.6,20.6,7,7,42.5,0.5099059851938543,1,Over 42.5,0.0,CAR covered (+4.5),1.0,-7.5,1.0,1.0,0.5509357513174535
2025,17,2025-12-27,HOU,LAC,20,16,1.5,-1.5,0.44963409747363026,0,HOU to cover (+1.5),-0.04883160230886554,-0.007771794410523542,-0.1172937410482405,-0.1207672893402278,60.6,62.0,0.8,0.8,2.2,8.0,21.8,25.2,19.6,17.2,6,6,40.5,0.45967397427525997,0,Under 40.5,0.0,HOU covered (+1.5),1.0,-5.5,0.0,1.0,0.5503659025263697
2025,10,2025-11-06,LV,DEN,7,10,9.5,-9.5,0.4505079575669736,0,LV to cover (+9.5),0.06912628991014422,-0.22364268820265748,-0.07751555962619858,0.04608078511293244,64.2,52.2,0.6,0.4,6.0,-11.4,25.8,15.8,19.8,27.2,4,4,42.5,0.5032574174085409,1,Over 42.5,0.0,LV covered (+9.5),1.0,-6.5,0.0,0.0,0.5494920424330264
2025,6,2025-10-12,DEN,NYJ,13,11,-7.5,7.5,0.5491435876109582,1,NYJ to cover (+7.5),-0.01954042801288499,0.05859943028989445,0.17506798944223506,-0.11040368887694733,60.6,63.6,0.4,0.4,-9.0,6.6,22.4,23.4,31.4,16.8,7,7,43.5,0.42547396939622467,0,Under 43.5,1.0,NYJ covered (+7.5),1.0,5.5,0.0,1.0,0.5491435876109582
2025,13,2025-11-30,JAX,TEN,25,3,-6.0,6.0,0.4511470746969093,0,JAX to cover (-6.0),-0.1347901504466489,-0.06943387968207379,0.19146217817962205,-0.06497518615712417,57.2,67.0,0.6,0.4,-11.6,-0.4,16.8,25.6,28.4,26.0,7,7,42.5,0.41788743980444815,0,Under 42.5,0.0,JAX covered (-6.0),1.0,-16.0,0.0,1.0,0.5488529253030907
2025,5,2025-10-05,DET,CIN,37,24,-10.5,10.5,0.45131631073400846,0,DET to cover (-10.5),-0.2377417251892049,0.137317666779118,0.04235633083580676,0.005314583776147031,55.6,61.2,0.2,0.6,-11.2,7.0,16.0,33.6,27.2,26.6,6,7,49.5,0.6373571415880653,1,Over 49.5,0.0,DET covered (-10.5),1.0,-2.5,1.0,1.0,0.5486836892659915
2025,18,2026-01-04,TEN,JAX,7,41,12.5,-12.5,0.5486760669991417,1,JAX to cover (-12.5),0.10120573651634772,-0.08415994128378261,-0.20162779244680182,0.02352066570265207,61.2,61.6,1.0,0.4,17.4,-4.8,33.2,22.0,15.8,26.8,7,7,46.5,0.5270947238116893,1,Over 46.5,1.0,JAX covered (-12.5),1.0,21.5,1.0,1.0,0.5486760669991417
2025,13,2025-11-30,HOU,IND,20,16,3.0,-3.0,0.45153889440372835,0,HOU to cover (+3.0),0.16804877690163078,0.005683074747233258,-0.03325706006816827,-0.12992167102875082,60.8,68.2,0.6,0.6,6.8,4.4,29.4,23.2,22.6,18.8,7,10,44.5,0.4988272628918839,0,Under 44.5,0.0,HOU covered (+3.0),1.0,-7.0,0.0,1.0,0.5484611055962716
2025,7,2025-10-19,CAR,NYJ,13,6,1.5,-1.5,0.4519442684967593,0,CAR to cover (+1.5),-0.14606774414712262,0.05341891417559985,0.12387065286491658,0.09096902809962767,59.2,64.2,0.4,0.8,-9.0,0.4,18.2,24.4,27.2,24.0,7,7,39.5,0.4148561808118442,0,Under 39.5,0.0,CAR covered (+1.5),1.0,-8.5,0.0,1.0,0.5480557315032407
2025,7,2025-10-19,NE,TEN,31,13,-6.5,6.5,0.4519798219821463,0,NE to cover (-6.5),-0.19677217958953458,0.15960607896636808,0.12658367528729883,0.018245671947499643,58.6,56.2,0.2,0.8,-14.0,7.4,14.2,27.4,28.2,20.0,7,7,40.5,0.6129264380886702,1,Over 40.5,0.0,NE covered (-6.5),1.0,-11.5,1.0,1.0,0.5480201780178537
2025,14,2025-12-07,PIT,BAL,27,22,5.5,-5.5,0.4520723798175716,0,PIT to cover (+5.5),-0.05392513442008702,-0.14280172422839693,-0.18844749759591017,-0.06564113434841659,58.0,56.2,0.4,0.4,6.4,-1.6,23.0,21.2,16.6,22.8,10,7,43.5,0.547543689141074,1,Over 43.5,0.0,PIT covered (+5.5),1.0,-10.5,1.0,1.0,0.5479276201824284
2025,1,2025-09-05,KC,LAC,21,27,-3.0,3.0,0.45218436917740945,0,KC to cover (-3.0),-0.0182547631999763,-0.033119947762528676,-0.06862432488718108,0.11567811816638754,62.0,50.2,0.6,0.4,2.2,-5.0,27.4,21.2,25.2,26.2,7,7,47.5,0.561164986991002,1,Over 47.5,1.0,LAC covered (+3.0),0.0,9.0,1.0,1.0,0.5478156308225905
2025,18,2026-01-04,BAL,PIT,24,26,-4.5,4.5,0.4523889095257779,0,BAL to cover (-4.5),0.015025304466289208,0.07054280243197968,-0.011898835819454312,0.05577404701352351,57.6,58.8,0.6,0.4,-0.6,2.8,19.4,25.0,20.0,22.2,7,8,41.5,0.4546662891573419,0,Under 41.5,1.0,PIT covered (+4.5),0.0,6.5,1.0,0.0,0.5476110904742221
2025,1,2025-09-07,LV,NE,20,13,2.5,-2.5,0.45311558928369694,0,LV to cover (+2.5),-0.06282197726876296,-0.09710224590605947,0.10643596643489035,-0.05809275864883895,57.8,62.2,0.6,0.6,-8.6,-3.0,18.4,17.2,27.0,20.2,7,7,44.5,0.4522358797309476,0,Under 44.5,0.0,LV covered (+2.5),1.0,-9.5,0.0,1.0,0.5468844107163031
2025,2,2025-09-14,CHI,DET,21,52,6.0,-6.0,0.5465919182402711,1,DET to cover (-6.0),0.14737783584846548,-0.12925095824225497,0.10148276647991283,-0.019628864943564694,65.2,59.8,0.6,0.4,3.4,-7.8,29.8,16.0,26.4,23.8,7,6,46.5,0.5792508407893819,1,Over 46.5,1.0,DET covered (-6.0),1.0,25.0,1.0,1.0,0.5465919182402711
2025,15,2025-12-14,WAS,NYG,29,21,2.5,-2.5,0.4537509069073892,0,WAS to cover (+2.5),0.06705608049008908,-0.027054666751146948,0.20465568095544223,0.28059411863713696,64.8,62.4,0.6,0.2,-9.2,-16.2,21.2,15.0,30.4,31.2,13,7,46.5,0.5401148555492951,1,Over 46.5,0.0,WAS covered (+2.5),1.0,-10.5,1.0,1.0,0.5462490930926108
2025,14,2025-12-07,IND,JAX,19,36,-2.5,2.5,0.4537623139804844,0,IND to cover (-2.5),-0.038652441026845064,0.057827195635007975,-0.17399439202024658,-0.0485287505799402,63.0,60.0,0.6,0.4,9.6,3.2,29.2,25.0,19.6,21.8,7,7,44.5,0.48645493058380773,0,Under 44.5,1.0,JAX covered (+2.5),0.0,19.5,1.0,0.0,0.5462376860195156
2025,9,2025-11-02,CHI,CIN,47,42,-3.0,3.0,0.4539776275105434,0,CHI to cover (-3.0),0.06208565462173563,0.09297476094480543,0.27294333598673504,-0.07615596825658358,57.6,61.0,0.4,0.8,-9.2,3.4,23.2,24.6,32.4,21.2,7,7,51.5,0.47332442638873085,0,Under 51.5,0.0,CHI covered (-3.0),1.0,-2.0,1.0,0.0,0.5460223724894566
2025,6,2025-10-13,BUF,ATL,14,24,-3.5,3.5,0.45399082877667396,0,BUF to cover (-3.5),0.04940606719267536,0.18906892545689602,0.03969726588961757,0.022436836280368588,67.2,63.2,0.4,0.4,-3.2,8.0,22.8,30.6,26.0,22.6,15,8,49.5,0.4192548709757416,0,Under 49.5,1.0,ATL covered (+3.5),0.0,13.5,0.0,1.0,0.546009171223326
2025,11,2025-11-16,WAS,MIA,13,16,2.5,-2.5,0.5459242782107939,1,MIA to cover (-2.5),-0.042479132218509276,-0.06251116371446011,-0.035476406278166346,0.2890087262314281,58.0,57.8,0.6,0.0,-1.6,-18.0,20.6,17.8,22.2,35.8,7,7,47.5,0.5101085449965294,1,Over 47.5,1.0,MIA covered (-2.5),1.0,0.5,0.0,0.0,0.5459242782107939
2025,8,2025-10-26,MIA,ATL,34,10,7.0,-7.0,0.4547245156592891,0,MIA to cover (+7.0),-0.029546681208854036,-0.037763334653779304,-0.08245788715657569,0.12406621035550258,62.8,56.2,0.6,0.6,-1.4,-6.8,18.0,21.0,19.4,27.8,7,7,44.5,0.4908893229864724,0,Under 44.5,0.0,MIA covered (+7.0),1.0,-31.0,0.0,1.0,0.5452754843407108
2025,11,2025-11-16,TB,BUF,32,44,6.0,-6.0,0.45502289466532114,0,TB to cover (+6.0),0.08432294476724486,0.03359126951537542,0.0263103784266696,-0.01895326685776986,60.8,59.4,0.4,0.6,1.6,2.8,23.0,24.6,21.4,21.8,7,7,46.5,0.5368901964999899,1,Over 46.5,1.0,BUF covered (-6.0),0.0,6.0,1.0,1.0,0.5449771053346788
2025,3,2025-09-21,NYJ,TB,27,29,6.5,-6.5,0.45513216240541127,0,NYJ to cover (+6.5),0.2068488797703632,-0.052997410001456434,0.00045541435531881724,0.10280174018350932,61.2,59.2,0.6,0.4,8.6,-9.2,27.6,19.4,19.0,28.6,6,7,43.5,0.5122528376960651,1,Over 43.5,0.0,NYJ covered (+6.5),1.0,-4.5,1.0,1.0,0.5448678375945888
2025,9,2025-11-02,SEA,WAS,38,14,-2.5,2.5,0.4552738819800837,0,SEA to cover (-2.5),-0.01595210892612945,0.08108208339815721,0.12827004362741118,-0.027133284907886957,56.0,57.4,0.2,0.8,-6.8,9.4,21.4,29.8,28.2,20.4,6,13,47.5,0.46363087288846344,0,Under 47.5,0.0,SEA covered (-2.5),1.0,-21.5,1.0,0.0,0.5447261180199163
2025,11,2025-11-13,NYJ,NE,14,27,12.5,-12.5,0.5442880563366548,1,NE to cover (-12.5),0.13794800704642596,-0.12356430012611792,-0.11204930145614955,0.07911149911837079,60.6,61.0,0.8,0.6,9.8,-3.2,28.0,21.0,18.2,24.2,4,4,43.5,0.4665142792630829,0,Under 43.5,1.0,NE covered (-12.5),1.0,0.5,0.0,1.0,0.5442880563366548
2025,13,2025-11-30,DEN,WAS,27,26,-6.5,6.5,0.5441863491550987,1,WAS to cover (+6.5),-0.03564628703170127,0.028044967914605656,0.2519332704589835,-0.06295523724125905,58.8,62.0,0.0,0.6,-18.4,6.0,15.6,25.4,34.0,19.4,14,14,43.5,0.42179643409407785,0,Under 43.5,1.0,WAS covered (+6.5),1.0,5.5,1.0,0.0,0.5441863491550987
2025,14,2025-12-07,SEA,ATL,37,9,-7.0,7.0,0.45666319309214287,0,SEA to cover (-7.0),0.038359945044165907,0.08700374962962915,0.005264736992253274,-0.22248688356530333,58.6,57.8,0.6,0.8,0.2,15.2,24.6,31.4,24.4,16.2,7,7,44.5,0.5573288088343652,1,Over 44.5,0.0,SEA covered (-7.0),1.0,-21.0,1.0,1.0,0.5433368069078571
2025,6,2025-10-12,DET,KC,17,30,2.5,-2.5,0.5425406900350862,1,KC to cover (-2.5),0.13017931324784954,0.16760375079773251,0.006370415598196432,-0.0762440577997806,62.0,60.0,0.4,0.8,3.6,12.4,25.0,34.8,21.4,22.4,6,7,51.5,0.44911312942576886,0,Under 51.5,1.0,KC covered (-2.5),1.0,10.5,0.0,1.0,0.5425406900350862
2025,16,2025-12-22,SF,IND,48,27,-4.5,4.5,0.4580515384713156,0,SF to cover (-4.5),-0.051221475810931505,0.11465033638934294,0.001654810358669094,0.06170058658340114,59.2,62.6,0.4,0.8,-4.0,9.0,20.4,30.0,24.4,21.0,8,8,46.5,0.4500538395454632,0,Under 46.5,0.0,SF covered (-4.5),1.0,-16.5,1.0,0.0,0.5419484615286845
2025,17,2025-12-28,NE,NYJ,42,10,-12.5,12.5,0.4582553636233992,0,NE to cover (-12.5),-0.2254202795862401,0.15893147342637687,0.1306037208880717,-0.004076458388045765,61.4,61.2,0.4,0.6,-17.0,7.4,14.6,29.0,31.6,21.6,7,7,42.5,0.6507214029998754,1,Over 42.5,0.0,NE covered (-12.5),1.0,-19.5,1.0,1.0,0.5417446363766008
2025,4,2025-09-28,NO,BUF,19,31,15.5,-15.5,0.4592533237078876,0,NO to cover (+15.5),0.18893902605022384,-0.10336687170822441,0.11058172289218875,0.11198624303422808,65.6,64.0,0.6,0.2,6.0,-13.2,31.6,15.2,25.6,28.4,10,7,48.5,0.49470824856588186,0,Under 48.5,0.0,NO covered (+15.5),1.0,-3.5,1.0,0.0,0.5407466762921125
2025,4,2025-09-28,JAX,SF,26,21,3.5,-3.5,0.4594527822841432,0,JAX to cover (+3.5),0.09165444907447473,0.05316291059442446,0.05599816391789508,-0.08432681492206744,64.8,63.4,0.4,0.8,-3.8,4.6,23.4,22.6,27.2,18.0,7,7,45.5,0.4877158247749201,0,Under 45.5,0.0,JAX covered (+3.5),1.0,-8.5,1.0,0.0,0.5405472177158568
2025,7,2025-10-19,NYG,DEN,32,33,7.5,-7.5,0.4596956901716165,0,NYG to cover (+7.5),0.0710501463431978,-0.042370808673487546,-0.11247705632976494,0.013953393613286397,60.8,65.8,0.4,0.6,5.4,-1.6,22.0,23.0,16.6,24.6,7,10,39.5,0.4951721443385379,0,Under 39.5,0.0,NYG covered (+7.5),1.0,-6.5,1.0,0.0,0.5403043098283835
2025,16,2025-12-18,LA,SEA,37,38,1.5,-1.5,0.4597770434219645,0,LA to cover (+1.5),0.004654535028309497,0.13946862959860623,-0.2671750999120811,-0.059570816497160714,60.2,57.6,0.6,0.6,12.0,12.2,26.0,33.8,14.0,21.6,4,4,42.5,0.487538253668834,0,Under 42.5,0.0,LA covered (+1.5),1.0,-0.5,1.0,0.0,0.5402229565780354
2025,12,2025-11-23,MIN,GB,6,23,6.5,-6.5,0.5401326014934619,1,GB to cover (-6.5),0.13321926920510666,-0.1775591671036125,-0.008188238632215234,0.08557803865650387,59.0,57.0,0.2,0.2,3.0,-8.0,21.8,19.0,18.8,27.0,7,7,41.5,0.4955682887186443,0,Under 41.5,1.0,GB covered (-6.5),1.0,10.5,0.0,1.0,0.5401326014934619
2025,7,2025-10-20,TB,DET,9,24,6.0,-6.0,0.459943018387662,0,TB to cover (+6.0),0.20252434013007595,0.13943921048850375,-0.06266430110790519,-0.0008132367780685129,57.8,62.2,0.8,0.6,12.6,2.2,35.6,28.4,23.0,26.2,8,8,54.5,0.4976268181424224,0,Under 54.5,1.0,DET covered (-6.0),0.0,9.0,0.0,1.0,0.540056981612338
2025,15,2025-12-14,LV,PHI,0,31,12.5,-12.5,0.5399023822819141,1,PHI to cover (-12.5),-0.10903950240898719,-0.2748390267285538,-0.16516551053198364,-0.008682072235437826,60.2,56.4,0.4,0.4,-1.0,-11.6,16.2,12.8,17.2,24.4,6,7,37.5,0.47093454338558144,0,Under 37.5,1.0,PHI covered (-12.5),1.0,18.5,0.0,1.0,0.5399023822819141
2025,14,2025-12-07,MIA,NYJ,34,10,-2.5,2.5,0.46017846008275926,0,MIA to cover (-2.5),-0.03986344997537149,0.020033822378971177,0.09473310194971538,-0.05929218524987364,58.2,57.4,0.8,0.6,-3.0,5.2,23.4,21.4,26.4,16.2,7,7,41.5,0.5389395651808666,1,Over 41.5,0.0,MIA covered (-2.5),1.0,-21.5,1.0,1.0,0.5398215399172408
2025,3,2025-09-21,DAL,CHI,14,31,-1.5,1.5,0.46044729607821056,0,DAL to cover (-1.5),-0.12040743086357204,-0.03308502885317595,0.055837002296874313,0.1648019663506391,60.0,65.2,0.4,0.6,-10.4,-7.4,17.8,22.4,28.2,29.8,7,7,49.5,0.4318276436905698,0,Under 49.5,1.0,CHI covered (+1.5),0.0,18.5,0.0,1.0,0.5395527039217894
2025,17,2025-12-28,ARI,CIN,14,37,7.0,-7.0,0.46073450036016433,0,ARI to cover (+7.0),-0.0027557081734817523,-0.04545588034755869,0.013676673424453811,0.12276730264665994,66.0,63.4,0.8,0.2,1.4,-12.2,26.2,19.4,24.8,31.6,7,7,52.5,0.4732503878344353,0,Under 52.5,1.0,CIN covered (-7.0),0.0,16.0,0.0,1.0,0.5392654996398356
2025,12,2025-11-23,CLE,LV,24,10,3.0,-3.0,0.4608865412266466,0,CLE to cover (+3.0),-0.26344495080308744,-0.22097613457484738,-0.008891681727922252,-0.14755207624004754,52.0,60.8,0.6,0.4,-8.4,-4.4,14.4,17.8,22.8,22.2,6,7,35.5,0.42584835938360116,0,Under 35.5,0.0,CLE covered (+3.0),1.0,-17.0,0.0,1.0,0.5391134587733535
2025,14,2025-12-08,PHI,LAC,19,22,-1.5,1.5,0.5387519245875406,1,LAC to cover (+1.5),-0.0335387214186592,0.03481014292123361,-0.24601555940011993,-0.09267906068583148,62.4,58.0,0.6,0.6,7.4,3.2,25.2,20.0,17.8,16.8,8,10,41.5,0.4237773836063631,0,Under 41.5,1.0,LAC covered (+1.5),1.0,4.5,0.0,1.0,0.5387519245875406
2025,18,2026-01-04,KC,LV,12,14,-3.5,3.5,0.4617129514333251,0,KC to cover (-3.5),-0.21056018726219383,-0.13212252879663414,0.12402922712692459,0.047794989542338996,48.2,53.2,0.4,0.2,-16.2,-8.0,12.4,14.6,28.6,22.6,7,10,36.5,0.46578011435704797,0,Under 36.5,1.0,LV covered (+3.5),0.0,5.5,0.0,1.0,0.5382870485666749
2025,5,2025-10-02,SF,LA,26,23,8.5,-8.5,0.4617551253950098,0,SF to cover (+8.5),0.056839137607913995,0.00894072703283586,-0.04990139410597179,-0.005563727311626879,62.8,65.8,0.8,0.4,2.6,-3.6,24.4,20.8,21.8,24.4,4,4,43.5,0.5333132773397579,1,Over 43.5,0.0,SF covered (+8.5),1.0,-11.5,1.0,1.0,0.5382448746049902
2025,8,2025-10-26,GB,PIT,35,25,-3.0,3.0,0.4619380343365885,0,GB to cover (-3.0),0.08857569201579549,0.14979459032834402,0.021044401867923158,0.013169223150114439,53.2,62.0,0.6,0.2,1.6,3.8,23.2,26.2,21.6,22.4,10,7,46.5,0.4980484986023657,0,Under 46.5,0.0,GB covered (-3.0),1.0,-7.0,1.0,0.0,0.5380619656634116
2025,2,2025-09-11,WAS,GB,18,27,3.5,-3.5,0.4620399926876989,0,WAS to cover (+3.5),0.05073114399662576,0.11698435089564485,-0.08887933373167337,0.05913620620397778,58.4,66.6,0.4,0.6,6.4,0.8,23.6,27.0,17.2,26.2,4,4,48.5,0.4831833608899058,0,Under 48.5,1.0,GB covered (-3.5),0.0,5.5,0.0,1.0,0.5379600073123011
2025,16,2025-12-21,JAX,DEN,34,20,3.5,-3.5,0.4624711201643975,0,JAX to cover (+3.5),0.056633437963524116,0.060804146139926483,-0.06070042921400447,-0.28556912098035075,64.0,59.8,0.4,1.0,4.4,19.8,23.4,34.2,19.0,14.4,7,7,46.5,0.5562958300604651,1,Over 46.5,0.0,JAX covered (+3.5),1.0,-17.5,1.0,1.0,0.5375288798356025
2025,8,2025-10-23,MIN,LAC,10,37,3.0,-3.0,0.5370594881910233,1,LAC to cover (-3.0),-0.030932516962792457,-0.06745259283065133,0.11785524893900375,-0.06917394664087365,67.6,60.6,0.2,0.4,-5.8,3.4,20.8,23.6,26.6,20.2,4,4,45.5,0.476517003032795,0,Under 45.5,1.0,LAC covered (-3.0),1.0,24.0,1.0,0.0,0.5370594881910233
2025,13,2025-11-30,SF,CLE,26,8,-5.5,5.5,0.5365376348976568,1,CLE to cover (+5.5),-0.22755955077912157,0.12127630135345877,-0.2498184371997067,0.13537133327643683,55.2,57.4,0.6,0.6,1.2,2.6,20.8,27.2,19.6,24.6,7,6,35.5,0.453190023406841,0,Under 35.5,0.0,SF covered (-5.5),0.0,-12.5,0.0,1.0,0.5365376348976568
2025,6,2025-10-12,SF,TB,19,30,3.5,-3.5,0.4635437790834137,0,SF to cover (+3.5),0.10337444798639572,0.03209212980992317,0.02727259183966426,-0.04029357853490085,63.2,68.0,0.6,0.6,0.6,1.6,27.0,21.2,26.4,19.6,7,10,46.5,0.5034056010961903,1,Over 46.5,1.0,TB covered (-3.5),0.0,7.5,1.0,1.0,0.5364562209165863
2025,17,2025-12-28,CHI,SF,38,42,3.5,-3.5,0.5363997395121126,1,SF to cover (-3.5),0.1698629935699575,0.06330528032984549,-0.02782967664358854,-0.040152902932321696,63.0,67.0,1.0,0.6,16.4,7.8,34.4,25.8,18.0,18.0,6,8,51.5,0.5536092603204231,1,Over 51.5,1.0,SF covered (-3.5),1.0,0.5,1.0,1.0,0.5363997395121126
2025,13,2025-11-30,LV,LAC,14,31,10.0,-10.0,0.5362092499990507,1,LAC to cover (-10.0),-0.043687041314195055,-0.30371219712889247,-0.09274214707989403,0.00898622613386037,64.2,56.2,0.4,0.4,1.2,-13.2,23.8,12.4,22.6,25.6,14,7,40.5,0.5648449871567436,1,Over 40.5,1.0,LAC covered (-10.0),1.0,7.0,1.0,1.0,0.5362092499990507
2025,6,2025-10-12,CIN,GB,18,27,14.0,-14.0,0.4638100492243957,0,CIN to cover (+14.0),0.10968537128685511,-0.2559813154559401,0.001617120412883044,0.12267021733686974,60.8,53.2,0.4,0.2,1.6,-14.2,22.8,17.0,21.2,31.2,14,7,44.5,0.5356575232551,1,Over 44.5,0.0,CIN covered (+14.0),1.0,-5.0,1.0,1.0,0.5361899507756043
2025,9,2025-11-02,CAR,GB,16,13,12.5,-12.5,0.46415316296083664,0,CAR to cover (+12.5),0.1834887781335009,-0.02226438386860862,0.018028437124021874,0.15100070481067765,62.4,63.2,0.2,0.6,4.0,-9.4,27.8,18.4,23.8,27.8,7,7,43.5,0.39492549593825366,0,Under 43.5,0.0,CAR covered (+12.5),1.0,-15.5,0.0,1.0,0.5358468370391634
2025,17,2025-12-28,SEA,CAR,27,10,-6.5,6.5,0.465217984314551,0,SEA to cover (-6.5),0.07503170399742151,0.050960656379245184,0.09571663572906917,-0.18363529580366827,57.6,57.4,0.6,0.4,-1.0,12.6,22.0,29.8,23.0,17.2,7,10,42.5,0.4526539469185178,0,Under 42.5,0.0,SEA covered (-6.5),1.0,-10.5,0.0,1.0,0.534782015685449
2025,12,2025-11-23,NYJ,BAL,10,23,14.0,-14.0,0.46526228270088443,0,NYJ to cover (+14.0),0.0005921809611494827,-0.14296765379307902,-0.15570442457518158,0.04050106098135533,62.2,57.8,0.6,0.6,7.4,-2.8,22.2,19.4,14.8,22.2,7,10,44.5,0.42416789804312865,0,Under 44.5,0.0,NYJ covered (+14.0),1.0,-1.0,0.0,1.0,0.5347377172991156
2025,14,2025-12-07,CHI,GB,21,28,6.5,-6.5,0.5339850180183836,1,GB to cover (-6.5),0.10644928215422275,0.09751750157424849,-0.04447466648688579,0.0015365617177230603,60.0,71.0,0.4,0.6,5.0,4.6,20.2,29.0,15.2,24.4,10,9,44.5,0.5381337812418315,1,Over 44.5,1.0,GB covered (-6.5),1.0,0.5,1.0,1.0,0.5339850180183836
2025,1,2025-09-07,ARI,NO,20,13,-6.0,6.0,0.466311400122069,0,ARI to cover (-6.0),-0.15941685230022118,0.10382801203115959,0.10588318509856931,0.08492723181055822,57.0,65.4,0.4,0.6,-11.0,2.8,12.4,26.8,23.4,24.0,7,7,44.5,0.46667446109869976,0,Under 44.5,0.0,ARI covered (-6.0),1.0,-1.0,0.0,1.0,0.533688599877931
2025,20,2026-01-17,BUF,DEN,30,33,1.5,-1.5,0.4665535143451612,0,BUF to cover (+1.5),0.03972178572271133,0.15984671836607128,-0.11136557532845275,-0.03990443986359698,65.4,63.0,0.4,0.6,4.8,7.2,23.4,26.4,18.6,19.2,13,6,45.5,0.47100371880728853,0,Under 45.5,1.0,DEN covered (-1.5),0.0,1.5,1.0,0.0,0.5334464856548389
2025,16,2025-12-20,GB,CHI,16,22,1.5,-1.5,0.46765963192219623,0,GB to cover (+1.5),0.03366108502341603,0.18500987824604814,-0.09083598688191616,0.0067680575092613935,69.6,57.2,0.6,0.6,7.0,6.0,25.2,27.0,18.2,21.0,6,6,45.5,0.4070241230071623,0,Under 45.5,1.0,CHI covered (-1.5),0.0,4.5,0.0,1.0,0.5323403680778038
2025,4,2025-09-28,TEN,HOU,0,26,7.5,-7.5,0.5322789338702052,1,HOU to cover (-7.5),-0.0816512421916539,-0.17076284328488972,-0.10863984003187066,0.16102493511456903,58.4,61.8,0.4,0.2,-0.4,-11.8,16.8,15.6,17.2,27.4,7,7,39.5,0.4812129716190307,0,Under 39.5,1.0,HOU covered (-7.5),1.0,18.5,0.0,1.0,0.5322789338702052
2025,13,2025-11-27,CIN,BAL,32,14,7.0,-7.0,0.46792458257483843,0,CIN to cover (+7.0),0.0570990707857391,0.07894790134539457,-0.18309817409878976,0.27242228539124824,58.6,63.2,0.6,0.4,12.8,-6.4,26.2,29.0,13.4,35.4,4,4,52.5,0.5209861518615773,1,Over 52.5,0.0,CIN covered (+7.0),1.0,-25.0,0.0,0.0,0.5320754174251616
2025,17,2025-12-28,JAX,IND,23,17,-3.5,3.5,0.4679848480835001,0,JAX to cover (-3.5),-0.08877545323049982,0.06241774319073203,0.09554480249711447,-0.18990177790643953,55.8,59.6,0.4,1.0,-9.4,16.8,19.6,34.0,29.0,17.2,6,7,48.5,0.4082961838293175,0,Under 48.5,0.0,JAX covered (-3.5),1.0,-2.5,0.0,1.0,0.5320151519165
2025,17,2025-12-28,PHI,BUF,13,12,3.0,-3.0,0.46851414041426087,0,PHI to cover (+3.0),0.10252129078830988,0.0596368753576997,-0.04424112651017716,-0.15742905345048547,61.8,60.8,0.4,0.4,5.4,5.4,28.4,23.0,23.0,17.6,7,8,45.5,0.5032603224247112,1,Over 45.5,0.0,PHI covered (+3.0),1.0,-4.0,0.0,0.0,0.5314858595857391
2025,16,2025-12-21,BUF,CLE,23,20,-10.5,10.5,0.5308775882231838,1,CLE to cover (+10.5),-0.2691518313584118,0.13905260857147583,-0.10024392863573699,-0.014284425438347802,56.8,63.0,0.4,0.6,-8.2,7.2,16.0,32.6,24.2,25.4,7,7,41.5,0.6788213994558043,1,Over 41.5,1.0,CLE covered (+10.5),1.0,7.5,1.0,1.0,0.5308775882231838
2025,7,2025-10-19,ATL,SF,10,20,1.5,-1.5,0.4691732860398891,0,ATL to cover (+1.5),-0.007460678056520248,0.0043035696718926875,0.07165754465389233,-0.066542495581378,67.4,64.8,0.4,0.6,-1.4,0.0,21.6,20.0,23.0,20.0,7,6,46.5,0.4455699321226636,0,Under 46.5,1.0,SF covered (-1.5),0.0,8.5,0.0,1.0,0.5308267139601108
2025,6,2025-10-12,LA,BAL,17,3,-7.0,7.0,0.46918309776843914,0,LA to cover (-7.0),0.036114201945451216,0.08533705936115318,0.19717316925987927,-0.04144835930339959,49.6,61.4,0.2,0.6,-7.2,3.2,28.2,24.6,35.4,21.4,7,10,43.5,0.42403625787354843,0,Under 43.5,0.0,LA covered (-7.0),1.0,-7.0,0.0,1.0,0.5308169022315609
2025,7,2025-10-19,GB,ARI,27,23,-7.0,7.0,0.46977998457237774,0,GB to cover (-7.0),0.010055012619396784,0.1661950916683789,0.01817489378167573,0.01115589230592382,61.8,60.8,0.4,0.4,-0.8,5.8,22.0,26.2,22.8,20.4,7,7,44.5,0.46245838405630224,0,Under 44.5,1.0,ARI covered (+7.0),0.0,3.0,1.0,0.0,0.5302200154276222
2025,19,2026-01-11,BUF,JAX,27,24,1.5,-1.5,0.470071051464499,0,BUF to cover (+1.5),0.14623122166964864,0.1621250033637455,-0.18649909360017247,-0.021618755080580875,61.4,62.6,1.0,0.4,19.8,7.6,36.4,28.8,16.6,21.2,7,7,51.5,0.45683636912443226,0,Under 51.5,0.0,BUF covered (+1.5),1.0,-4.5,0.0,1.0,0.529928948535501
2025,3,2025-09-21,IND,TEN,41,20,-6.0,6.0,0.4707491212331895,0,IND to cover (-6.0),-0.12182910187293047,0.1375724322257934,0.1259381232680174,0.08287107120116224,60.4,70.0,0.2,0.6,-9.2,5.0,17.6,31.8,26.8,26.8,7,7,43.5,0.5154055575424981,1,Over 43.5,0.0,IND covered (-6.0),1.0,-15.0,1.0,1.0,0.5292508787668104
2025,6,2025-10-12,LAC,MIA,29,27,-3.5,3.5,0.5292288955643412,1,MIA to cover (+3.5),0.038312209895947656,-0.00925794877712981,0.2407750345846063,-0.022631218928614482,53.4,62.4,0.4,0.6,-7.6,0.0,21.4,19.6,29.0,19.6,7,7,45.5,0.47888999033555,0,Under 45.5,1.0,MIA covered (+3.5),1.0,1.5,1.0,0.0,0.5292288955643412
2025,17,2025-12-25,DEN,KC,20,13,-13.5,13.5,0.5285023041347084,1,KC to cover (+13.5),-0.08943823549590538,0.10048665832729434,0.02763763470635231,0.03484269088365983,63.4,66.0,0.0,0.4,-6.0,1.0,16.6,25.4,22.6,24.4,4,4,37.5,0.38080750573891176,0,Under 37.5,1.0,KC covered (+13.5),1.0,6.5,0.0,1.0,0.5285023041347084
2025,11,2025-11-16,CHI,MIN,19,17,3.0,-3.0,0.47172825079680536,0,CHI to cover (+3.0),-0.13175712934238581,0.152633606636366,0.0928121279863277,0.01803286868873242,58.2,65.0,0.4,0.6,-6.8,1.6,19.8,27.6,26.6,26.0,7,7,47.5,0.4405609102668041,0,Under 47.5,0.0,CHI covered (+3.0),1.0,-5.0,0.0,1.0,0.5282717492031946
2025,4,2025-09-28,WAS,ATL,27,34,2.5,-2.5,0.4718829957129764,0,WAS to cover (+2.5),0.00911608977911924,0.09669494504593099,0.05773542292472842,0.0877686722621986,67.0,65.8,0.2,0.6,-5.8,1.0,20.8,29.6,26.6,28.6,7,7,43.5,0.45271260656822504,0,Under 43.5,1.0,ATL covered (-2.5),0.0,4.5,1.0,0.0,0.5281170042870236
2025,18,2026-01-04,MIA,NE,10,38,14.0,-14.0,0.47190493050556526,0,MIA to cover (+14.0),0.22308861873517066,0.016352724137675516,-0.026718620347354293,0.0025696467028006155,61.2,55.4,0.6,0.4,11.2,-1.2,32.0,22.2,20.8,23.4,7,7,44.5,0.5334625160558688,1,Over 44.5,1.0,NE covered (-14.0),0.0,14.0,1.0,1.0,0.5280950694944347
2025,14,2025-12-07,DEN,LV,24,17,-8.5,8.5,0.5278106943621882,1,LV to cover (+8.5),-0.23628924772716603,0.047913311297642244,-0.008323461855455155,-0.07295727785539526,59.2,60.4,0.4,0.6,-10.4,6.0,15.2,24.2,25.6,18.2,7,7,40.5,0.615766355872637,1,Over 40.5,1.0,LV covered (+8.5),1.0,1.5,1.0,1.0,0.5278106943621882
2025,2,2025-09-14,CAR,ARI,22,27,7.0,-7.0,0.47229300573856997,0,CAR to cover (+7.0),0.12607706728352466,-0.005872048333985108,0.04554455321534888,0.25325860324208477,65.0,56.8,0.8,0.4,6.6,-10.8,27.2,23.6,20.6,34.4,7,7,45.5,0.5148150482022682,1,Over 45.5,0.0,CAR covered (+7.0),1.0,-2.0,1.0,1.0,0.5277069942614301
2025,9,2025-11-02,IND,PIT,20,27,-3.5,3.5,0.5275449699834523,1,PIT to cover (+3.5),0.09693405600207723,0.22994301830543434,0.07209213421508487,-0.00827737121201845,52.8,55.8,0.6,0.6,2.4,13.8,24.8,33.4,22.4,19.6,7,7,51.5,0.4524561516417565,0,Under 51.5,1.0,PIT covered (+3.5),1.0,10.5,0.0,1.0,0.5275449699834523
2025,4,2025-09-28,MIN,PIT,21,24,-2.5,2.5,0.5274390363659199,1,PIT to cover (+2.5),-0.027769392727018165,-0.24685959845046454,0.07987641215985529,-0.1665081058863657,52.2,57.4,0.4,0.4,-4.2,-3.0,20.6,19.8,24.8,22.8,7,7,41.5,0.521951090451897,1,Over 41.5,1.0,PIT covered (+2.5),1.0,5.5,1.0,1.0,0.5274390363659199
2025,11,2025-11-16,KC,DEN,19,22,-3.5,3.5,0.5273945838825257,1,DEN to cover (+3.5),0.004365555106687113,0.1934831416593323,-0.1561588149932679,-0.09555293333847355,61.0,63.8,0.4,0.6,5.8,11.0,23.6,27.6,17.8,16.6,10,14,44.5,0.3811467484005246,0,Under 44.5,1.0,DEN covered (+3.5),1.0,6.5,0.0,1.0,0.5273945838825257
2025,2,2025-09-14,BUF,NYJ,30,10,-6.0,6.0,0.47273185336391227,0,BUF to cover (-6.0),0.08556734121563365,0.1460604938141989,0.08715129195334219,0.14054553956938065,60.6,67.8,0.6,0.6,-3.8,3.4,23.8,28.8,27.6,25.4,7,7,47.5,0.4661535887020275,0,Under 47.5,0.0,BUF covered (-6.0),1.0,-14.0,0.0,1.0,0.5272681466360878
2025,12,2025-11-24,CAR,SF,9,20,7.5,-7.5,0.5269323664097115,1,SF to cover (-7.5),0.12843860825052206,-0.12058656266312966,0.15267284649359297,0.08383508557206552,56.6,61.4,0.6,0.6,2.4,-5.6,27.2,15.0,24.8,20.6,8,8,48.5,0.45948528714438747,0,Under 48.5,1.0,SF covered (-7.5),1.0,3.5,0.0,1.0,0.5269323664097115
2025,1,2025-09-07,HOU,LA,9,14,3.5,-3.5,0.5268107030503707,1,LA to cover (-3.5),0.014623340411490613,-0.05267347115374046,-0.021812822437944936,-0.04008724123024016,57.0,60.2,0.8,0.6,4.2,-3.4,21.2,18.0,17.0,21.4,7,7,43.5,0.5045257933191717,1,Over 43.5,1.0,LA covered (-3.5),1.0,1.5,0.0,0.0,0.5268107030503707
2025,1,2025-09-07,PIT,NYJ,34,32,-3.0,3.0,0.5261431496303208,1,NYJ to cover (+3.0),0.0896632549085232,-0.12520226526721806,0.09950734364574779,0.19248875224834444,60.4,55.0,0.6,0.2,-4.6,-13.2,22.6,14.2,27.2,27.4,7,7,37.5,0.5606769134090717,1,Over 37.5,1.0,NYJ covered (+3.0),1.0,1.0,1.0,1.0,0.5261431496303208
2025,14,2025-12-04,DAL,DET,30,44,3.5,-3.5,0.47394555864944315,0,DAL to cover (+3.5),0.05228904008926051,0.055203955532207624,0.06552950221404981,0.1147866520321685,62.2,64.0,0.2,0.6,2.4,-1.4,27.0,25.8,24.6,27.2,7,7,55.5,0.5248101172861707,1,Over 55.5,1.0,DET covered (-3.5),0.0,10.5,1.0,1.0,0.5260544413505568
2025,16,2025-12-21,CIN,MIA,45,21,-3.5,3.5,0.4741257779577074,0,CIN to cover (-3.5),0.06480770659759119,-0.12452917005010859,-0.07947669651140277,0.06501899920583784,54.4,66.4,0.6,0.6,7.0,-7.8,23.2,19.6,16.2,27.4,6,7,48.5,0.5483601338550986,1,Over 48.5,0.0,CIN covered (-3.5),1.0,-20.5,1.0,1.0,0.5258742220422926
2025,8,2025-10-26,NYG,PHI,20,38,7.0,-7.0,0.4747864136934495,0,NYG to cover (+7.0),0.0264226558545134,-0.06216082635789609,0.010801022590406445,0.003919106679138695,55.8,66.8,0.6,0.6,-0.4,-1.2,25.2,22.0,25.6,23.2,7,7,43.5,0.5292220900984383,1,Over 43.5,1.0,PHI covered (-7.0),0.0,11.0,1.0,1.0,0.5252135863065506
2025,4,2025-09-28,BAL,KC,20,37,-2.5,2.5,0.47500350673751124,0,BAL to cover (-2.5),0.031782672350587966,0.2036493686242681,0.048328237624201464,0.11159818363403318,58.2,56.6,0.4,0.4,-2.2,5.4,22.8,32.8,25.0,27.4,7,6,48.5,0.5000674722663873,1,Over 48.5,1.0,KC covered (+2.5),0.0,19.5,1.0,1.0,0.5249964932624888
2025,2,2025-09-14,LA,TEN,33,19,-5.5,5.5,0.47509642055098844,0,LA to cover (-5.5),-0.12015567804109664,-0.01453334565398277,0.09623861438413794,-0.04176168490112643,60.4,58.6,0.2,0.8,-8.4,3.2,19.2,20.2,27.6,17.0,7,7,41.5,0.47271485614863673,0,Under 41.5,0.0,LA covered (-5.5),1.0,-8.5,1.0,0.0,0.5249035794490116
2025,16,2025-12-20,PHI,WAS,29,18,-7.0,7.0,0.5246771688227562,1,WAS to cover (+7.0),-0.022616477733284738,-0.04418869500891599,0.19496565872697386,-0.21257304982163547,61.0,61.4,0.4,0.4,-9.8,4.6,18.0,20.4,27.8,15.8,6,6,43.5,0.5153910304380223,1,Over 43.5,0.0,PHI covered (-7.0),0.0,-4.0,1.0,1.0,0.5246771688227562
2025,16,2025-12-21,LAC,DAL,34,17,1.5,-1.5,0.47540319902289196,0,LAC to cover (+1.5),0.08566064080620643,-0.154625575818925,0.13076539264819562,-0.19946020406903492,66.8,62.0,0.6,0.8,0.2,1.8,28.8,20.0,28.6,18.2,7,7,50.5,0.5169614035027162,1,Over 50.5,0.0,LAC covered (+1.5),1.0,-18.5,1.0,1.0,0.524596800977108
2025,17,2025-12-28,PIT,CLE,6,13,-4.5,4.5,0.4755387501968526,0,PIT to cover (-4.5),-0.206505852827276,0.056121247408670485,-0.07042143657517497,0.037590471553735696,58.8,58.8,0.4,0.6,-7.4,0.2,16.8,23.8,24.2,23.6,7,7,35.5,0.4921658205284703,0,Under 35.5,1.0,CLE covered (+4.5),0.0,11.5,0.0,1.0,0.5244612498031473
2025,5,2025-10-05,MIN,CLE,21,17,-3.5,3.5,0.47587575053304937,0,MIN to cover (-3.5),-0.25642063593161185,-0.1703526099952664,-0.006636337223763372,-0.1297268187724445,63.4,59.6,0.4,0.4,-14.2,0.8,13.2,22.2,27.4,21.4,7,7,35.5,0.4740627732858422,0,Under 35.5,0.0,MIN covered (-3.5),1.0,-0.5,1.0,0.0,0.5241242494669507
2025,19,2026-01-12,HOU,PIT,30,6,-3.0,3.0,0.4760498993514793,0,HOU to cover (-3.0),0.11157430948615513,-0.03120403648103559,-0.004162719863357628,-0.12230835434893636,63.6,61.2,0.8,0.6,3.6,8.8,23.2,28.2,19.6,19.4,8,8,38.5,0.46973794942127534,0,Under 38.5,0.0,HOU covered (-3.0),1.0,-21.0,0.0,1.0,0.5239501006485208
2025,1,2025-09-07,TEN,DEN,12,20,8.5,-8.5,0.47615826272853246,0,TEN to cover (+8.5),0.06719306860498832,-0.06982159066164703,-0.04246475496610559,0.13198053857835348,58.8,61.8,0.4,0.0,3.8,-7.6,25.4,18.0,21.6,25.6,7,7,42.5,0.4849121550511284,0,Under 42.5,0.0,TEN covered (+8.5),1.0,-0.5,0.0,1.0,0.5238417372714675
2025,14,2025-12-07,TEN,CLE,31,29,4.5,-4.5,0.47662864968097146,0,TEN to cover (+4.5),-0.2508303838676584,-0.16278877789931692,-0.13636862229889096,0.13671315575351176,57.0,58.0,0.4,0.6,-7.4,-12.4,16.2,14.8,23.6,27.2,7,7,33.5,0.5188214351792884,1,Over 33.5,0.0,TEN covered (+4.5),1.0,-6.5,1.0,1.0,0.5233713503190285
2025,11,2025-11-16,CIN,PIT,12,34,5.5,-5.5,0.5229251720100626,1,PIT to cover (-5.5),-0.030408169699161307,0.15953246597708662,0.05364708191473402,0.31882141056207614,55.4,62.2,0.4,0.4,-1.2,-5.2,23.2,31.0,24.4,36.2,7,14,48.5,0.43608727209683207,0,Under 48.5,1.0,PIT covered (-5.5),1.0,16.5,0.0,1.0,0.5229251720100626
2025,10,2025-11-09,PIT,LAC,10,25,3.0,-3.0,0.4785619780090983,0,PIT to cover (+3.0),0.06779635666977361,0.08465697149734144,0.03586012379854632,0.07902101459469257,67.0,55.6,0.2,0.6,1.0,2.4,25.4,26.0,24.4,23.6,7,7,45.5,0.40794730943506735,0,Under 45.5,1.0,LAC covered (-3.0),0.0,12.0,0.0,1.0,0.5214380219909017
2025,8,2025-10-26,DAL,DEN,24,44,3.5,-3.5,0.4785745530056685,0,DAL to cover (+3.5),0.049390946489047946,0.19124733560251655,-0.11795546796977771,0.11860821441723512,65.4,60.6,0.4,0.6,5.8,3.4,23.0,32.4,17.2,29.0,7,7,51.5,0.48542702952100003,0,Under 51.5,1.0,DEN covered (-3.5),0.0,16.5,1.0,0.0,0.5214254469943316
2025,10,2025-11-09,DET,WAS,44,22,-8.5,8.5,0.4792075938190438,0,DET to cover (-8.5),-0.046147867263867014,0.016788473394816057,0.16448816479169884,-0.13131847179893788,58.2,58.6,0.2,0.6,-10.2,7.2,18.8,27.2,29.0,20.0,7,7,49.5,0.4503559319164778,0,Under 49.5,0.0,DET covered (-8.5),1.0,-13.5,1.0,0.0,0.5207924061809561
2025,11,2025-11-16,GB,NYG,27,20,-7.5,7.5,0.5207830344295895,1,NYG to cover (+7.5),0.12803227773107914,0.10490255261245932,0.15987439682254337,-0.019975994503339888,61.8,60.4,0.6,0.2,-3.2,3.4,26.0,21.8,29.2,18.4,7,6,41.5,0.5681055396068021,1,Over 41.5,1.0,NYG covered (+7.5),1.0,0.5,1.0,1.0,0.5207830344295895
2025,4,2025-09-29,CIN,DEN,3,28,7.5,-7.5,0.5207683995666088,1,DEN to cover (-7.5),0.05657817628478481,-0.1580725191509635,-0.08398306296185579,0.031941681759109844,56.6,63.8,0.2,0.4,3.6,-5.0,22.6,21.4,19.0,26.4,8,8,44.5,0.4499476487564805,0,Under 44.5,1.0,DEN covered (-7.5),1.0,17.5,0.0,1.0,0.5207683995666088
2025,7,2025-10-19,NO,CHI,14,26,4.5,-4.5,0.4793176015109208,0,NO to cover (+4.5),0.021864113871667874,-0.05667382346284666,-0.013275170989225153,0.050455975341597584,61.0,63.0,0.6,0.4,-3.0,-8.4,25.2,19.6,28.2,28.0,6,7,43.5,0.4879288440480636,0,Under 43.5,1.0,CHI covered (-4.5),0.0,7.5,0.0,1.0,0.5206823984890792
2025,12,2025-11-23,NYG,DET,27,34,14.0,-14.0,0.4797100846499424,0,NYG to cover (+14.0),0.013265885185004222,0.10793179758558898,-0.04595056235594437,0.24913176043573,61.2,62.6,0.4,0.6,2.8,-8.0,23.6,23.2,20.8,31.2,7,7,50.5,0.5544329839133232,1,Over 50.5,0.0,NYG covered (+14.0),1.0,-7.0,1.0,1.0,0.5202899153500575
2025,15,2025-12-14,IND,SEA,16,18,13.5,-13.5,0.4799426354828593,0,IND to cover (+13.5),0.02768339561292197,-0.056186395932372644,-0.2897567547978138,-0.012753094543235696,59.8,62.2,0.8,0.2,16.0,-5.0,31.2,21.2,15.2,26.2,7,7,41.5,0.48633518166869877,0,Under 41.5,0.0,IND covered (+13.5),1.0,-11.5,0.0,1.0,0.5200573645171407
2025,2,2025-09-14,PHI,KC,20,17,-1.5,1.5,0.5191961016923694,1,KC to cover (+1.5),-0.05307842365818081,0.14111218500528241,0.20187929016354786,-0.10741514057095067,50.0,61.4,0.2,0.6,-10.0,14.4,19.6,33.8,29.6,19.4,9,10,46.5,0.397811944037327,0,Under 46.5,0.0,PHI covered (-1.5),0.0,-1.5,0.0,1.0,0.5191961016923694
2025,3,2025-09-21,HOU,JAX,10,17,1.5,-1.5,0.5189500332313003,1,JAX to cover (-1.5),0.04348389625312323,-0.02774701090775003,-0.05744511543203372,-0.11291526587596883,62.6,58.4,0.6,0.6,2.2,2.8,22.0,19.4,19.8,16.6,7,6,43.5,0.5022238666619547,1,Over 43.5,1.0,JAX covered (-1.5),1.0,5.5,0.0,0.0,0.5189500332313003
2025,12,2025-11-23,PHI,DAL,21,24,-3.0,3.0,0.4811984503686949,0,PHI to cover (-3.0),0.07140333586417605,0.06695932520664657,0.040020095384994236,-0.06407214754107286,61.0,57.2,0.4,0.8,1.2,3.4,29.0,21.8,27.8,18.4,6,7,47.5,0.4765480278559867,0,Under 47.5,1.0,DAL covered (+3.0),0.0,6.0,0.0,1.0,0.5188015496313051
2025,14,2025-12-07,NO,TB,24,20,7.5,-7.5,0.4817926241294157,0,NO to cover (+7.5),-0.08351877766236553,-0.21425148188946253,0.00359394115847987,-0.10973655400497759,62.6,64.4,0.2,0.4,-4.2,-10.4,21.0,11.4,25.2,21.8,7,7,41.5,0.514623188731553,1,Over 41.5,0.0,NO covered (+7.5),1.0,-11.5,1.0,1.0,0.5182073758705843
2025,17,2025-12-28,NO,TEN,34,26,-1.5,1.5,0.5181889753895698,1,TEN to cover (+1.5),-0.04906026517464511,-0.06414959813212937,0.03251898326800443,-0.1343691202885438,60.8,68.0,0.6,0.8,-4.4,2.4,21.6,20.0,26.0,17.6,7,7,39.5,0.5103348894626736,1,Over 39.5,0.0,NO covered (-1.5),0.0,-6.5,1.0,1.0,0.5181889753895698
2025,16,2025-12-21,KC,TEN,9,26,-3.5,3.5,0.4819838348567502,0,KC to cover (-3.5),-0.081946545428737,-0.017866159432838827,0.08172921854906653,0.0252546409722136,58.6,67.2,0.6,0.0,-8.4,-3.2,19.0,18.6,27.4,21.8,7,7,37.5,0.46436620758103336,0,Under 37.5,1.0,TEN covered (+3.5),0.0,20.5,0.0,1.0,0.5180161651432498
2025,17,2025-12-25,DAL,WAS,30,23,-8.5,8.5,0.48208396798099706,0,DAL to cover (-8.5),-0.08226009378386481,0.06577073823767099,0.15647025272449505,0.2635599309651535,60.8,65.8,0.4,0.4,-7.6,-6.6,17.2,25.6,24.8,32.2,5,4,50.5,0.48042593324533706,0,Under 50.5,1.0,WAS covered (+8.5),0.0,1.5,1.0,0.0,0.5179160320190029
2025,13,2025-11-27,KC,DAL,28,31,-3.5,3.5,0.5176281752557322,1,DAL to cover (+3.5),0.03116965802198482,0.11404253528424635,0.020533607441184938,-0.11797804494821032,63.6,70.4,0.6,0.4,2.4,9.0,28.4,24.4,26.0,15.4,4,4,53.5,0.584673896644641,1,Over 53.5,1.0,DAL covered (+3.5),1.0,6.5,1.0,1.0,0.5176281752557322
2025,9,2025-11-02,JAX,LV,30,29,-2.5,2.5,0.48284595349853104,0,JAX to cover (-2.5),-0.2424240107235586,-0.0478194200340125,0.07071251483030416,0.01703164725901437,52.8,64.2,0.2,0.6,-14.6,-4.2,14.8,18.6,29.4,22.8,14,14,43.5,0.5204193869061756,1,Over 43.5,1.0,LV covered (+2.5),0.0,1.5,1.0,1.0,0.517154046501469
2025,18,2026-01-03,SEA,SF,13,3,-2.5,2.5,0.5168819344502527,1,SF to cover (+2.5),0.1886157245248677,-0.01784496907879806,0.03239344693932441,-0.2847223726471621,66.6,61.2,1.0,0.6,13.4,14.8,34.6,29.2,21.2,14.4,6,6,47.5,0.5277435880035088,1,Over 47.5,0.0,SEA covered (-2.5),0.0,-7.5,0.0,0.0,0.5168819344502527
2025,18,2026-01-04,IND,HOU,30,38,9.5,-9.5,0.48345803729119813,0,IND to cover (+9.5),-0.025205196789541372,-0.1290414790061992,-0.1309856909112652,0.09392298478482877,62.8,56.8,0.8,0.2,8.0,-10.0,24.6,19.0,16.6,29.0,8,7,37.5,0.6152808429190747,1,Over 37.5,0.0,IND covered (+9.5),1.0,-1.5,1.0,1.0,0.5165419627088019
2025,5,2025-10-05,MIA,CAR,24,27,-1.5,1.5,0.4835506301257599,0,MIA to cover (-1.5),0.02087533630592107,-0.006362679585132791,0.12494526629401578,0.22094952360757186,64.2,56.4,0.6,0.4,-2.8,-9.4,23.8,20.6,26.6,30.0,7,6,44.5,0.528303013388119,1,Over 44.5,1.0,CAR covered (+1.5),0.0,4.5,1.0,1.0,0.5164493698742401
2025,5,2025-10-05,TEN,ARI,22,21,7.5,-7.5,0.48360650388281023,0,TEN to cover (+7.5),0.06544987777646967,-0.24618875104381285,-0.010137233059949563,0.16035085642041508,59.8,58.0,0.6,0.2,6.2,-15.6,25.8,13.0,19.6,28.6,10,7,41.5,0.6259493844419021,1,Over 41.5,0.0,TEN covered (+7.5),1.0,-8.5,1.0,1.0,0.5163934961171898
2025,1,2025-09-07,CAR,JAX,10,26,4.5,-4.5,0.4839009765919289,0,CAR to cover (+4.5),0.024471701120641863,0.04921248273043225,0.04303886302700364,0.25124302646685515,63.6,58.4,0.6,0.6,-0.8,-8.8,18.4,24.8,19.2,33.6,7,7,45.5,0.49081746095607565,0,Under 45.5,1.0,JAX covered (-4.5),0.0,11.5,0.0,1.0,0.5160990234080711
2025,1,2025-09-04,DAL,PHI,20,24,8.5,-8.5,0.48412512270804237,0,DAL to cover (+8.5),0.1009403221644359,-0.029416962021186672,-0.13821958656896335,0.05391497826687688,63.0,63.0,0.8,0.6,15.0,-5.4,33.0,20.4,18.0,25.8,7,7,47.5,0.4827908713090212,0,Under 47.5,0.0,DAL covered (+8.5),1.0,-4.5,0.0,1.0,0.5158748772919577
2025,18,2026-01-04,ARI,LA,20,37,14.5,-14.5,0.5149032363262854,1,LA to cover (-14.5),0.18316274940956992,-0.02514827252494068,0.09584761484045423,0.2284325324506716,66.4,59.0,0.6,0.2,5.6,-16.2,35.0,17.4,29.4,33.6,6,7,49.5,0.48575774853734854,0,Under 49.5,1.0,LA covered (-14.5),1.0,2.5,1.0,0.0,0.5149032363262854
2025,4,2025-09-28,IND,LA,20,27,3.5,-3.5,0.5145073349293254,1,LA to cover (-3.5),0.04854344817841506,0.17265924407234504,-0.10935933088294873,0.033937329789202976,59.2,67.6,0.8,0.6,4.8,7.6,24.4,32.4,19.6,24.8,7,7,49.5,0.4340108081034622,0,Under 49.5,1.0,LA covered (-3.5),1.0,3.5,0.0,1.0,0.5145073349293254
2025,8,2025-10-26,SF,HOU,15,26,2.5,-2.5,0.5144398092125446,1,HOU to cover (-2.5),-0.008187124089999376,-0.010128146230867602,-0.19050626425079212,0.06440399163991588,60.6,67.4,0.4,0.4,8.8,-0.4,23.6,20.4,14.8,20.8,6,7,41.5,0.4896484162872096,0,Under 41.5,1.0,HOU covered (-2.5),1.0,8.5,0.0,1.0,0.5144398092125446
2025,15,2025-12-15,MIA,PIT,15,28,3.0,-3.0,0.4855971657842182,0,MIA to cover (+3.0),-0.06633894834230644,0.032853823500368966,-0.03846352427193849,-0.08165172337211427,54.2,56.6,0.4,0.6,-2.0,5.2,21.2,21.4,23.2,16.2,8,8,42.5,0.5001056987500981,1,Over 42.5,1.0,PIT covered (-3.0),0.0,10.0,1.0,1.0,0.5144028342157818
2025,4,2025-09-28,PHI,TB,31,25,-3.5,3.5,0.48574083055628425,0,PHI to cover (-3.5),0.11949588348942457,0.11802488096969418,-0.01600161456112009,-0.11302752702518118,59.6,62.0,0.4,0.8,2.2,12.8,23.8,34.4,21.6,21.6,7,7,44.5,0.4969996532858902,0,Under 44.5,0.0,PHI covered (-3.5),1.0,-2.5,1.0,0.0,0.5142591694437157
2025,4,2025-09-28,GB,DAL,40,40,-7.0,7.0,0.5141981221554253,1,DAL to cover (+7.0),-0.04366888506206178,0.02024461625166339,0.20847349623371833,-0.10406596269059605,68.2,57.6,0.4,0.4,-11.2,1.2,20.0,19.2,31.2,18.0,7,7,47.5,0.4778966068111805,0,Under 47.5,1.0,DAL covered (+7.0),1.0,7.0,1.0,0.0,0.5141981221554253
2025,5,2025-10-05,HOU,BAL,44,10,-2.5,2.5,0.48712902085071347,0,HOU to cover (-2.5),0.13124786689090018,-0.030307391649614306,0.1344266348752659,-0.073238744514213,53.2,58.0,0.2,0.4,-0.8,0.8,31.2,15.6,32.0,14.8,7,7,41.5,0.5648862340947228,1,Over 41.5,0.0,HOU covered (-2.5),1.0,-31.5,1.0,1.0,0.5128709791492865
2025,15,2025-12-14,CAR,NO,17,20,-2.5,2.5,0.48713811929447637,0,CAR to cover (-2.5),-0.11607882300280647,-0.032070072918814224,-0.11581621893967861,0.09391564272467758,61.0,56.6,0.6,0.6,-5.6,-2.4,15.6,18.6,21.2,21.0,7,14,41.5,0.4457177466871861,0,Under 41.5,1.0,NO covered (+2.5),0.0,5.5,0.0,1.0,0.5128618807055236
2025,3,2025-09-21,GB,CLE,10,13,-8.5,8.5,0.511686951316744,1,CLE to cover (+8.5),-0.2825537962259188,0.03014877679048063,0.03794111529854197,-0.05524473006569529,67.2,57.2,0.2,0.4,-17.0,1.4,10.4,22.2,27.4,20.8,7,10,41.5,0.47813456153876244,0,Under 41.5,1.0,CLE covered (+8.5),1.0,11.5,0.0,1.0,0.511686951316744
2025,5,2025-10-05,LV,IND,6,40,7.0,-7.0,0.5115111632665866,1,IND to cover (-7.0),0.14541786996083692,-0.10608284587080694,-0.025110535553773093,0.07210596873418218,63.8,57.4,0.6,0.2,8.6,-7.2,29.8,19.4,21.2,26.6,7,7,46.5,0.4864054908075575,0,Under 46.5,1.0,IND covered (-7.0),1.0,27.0,0.0,1.0,0.5115111632665866
2025,19,2026-01-10,GB,CHI,27,31,-2.5,2.5,0.48913456620189627,0,GB to cover (-2.5),0.12080291145403335,0.02092952945818417,0.052796612598658,0.13952890004355661,61.8,54.8,0.4,0.2,4.0,-7.4,25.6,19.4,21.6,26.8,6,6,45.5,0.5334374954757111,1,Over 45.5,1.0,CHI covered (+2.5),0.0,6.5,1.0,1.0,0.5108654337981038
2025,22,2026-02-08,SEA,NE,29,13,-4.5,4.5,0.5103152797474687,1,NE to cover (+4.5),0.08302809141094696,0.09144870897735395,-0.3032402838826368,-0.15263586886110048,59.6,62.2,0.8,0.8,17.6,13.4,26.8,30.0,9.2,16.6,14,14,45.5,0.4755210815510222,0,Under 45.5,0.0,SEA covered (-4.5),0.0,-11.5,0.0,1.0,0.5103152797474687
2025,7,2025-10-19,WAS,DAL,22,44,1.5,-1.5,0.4897180895530455,0,WAS to cover (+1.5),0.19835243514277584,0.08430797360748454,0.20720706708353281,0.09968515227481275,65.2,56.2,0.4,0.4,-0.4,3.4,31.6,27.4,32.0,24.0,7,6,54.5,0.4592220970662115,0,Under 54.5,1.0,DAL covered (-1.5),0.0,20.5,1.0,0.0,0.5102819104469545
2025,3,2025-09-21,ATL,CAR,0,30,-5.5,5.5,0.5100537920702488,1,CAR to cover (+5.5),0.056256205871989054,0.0929067291245005,0.2379011992669414,-0.026300981073873998,62.4,66.4,0.6,0.4,-8.6,5.6,25.2,27.6,33.8,22.0,7,7,44.5,0.43369549424286175,0,Under 44.5,1.0,CAR covered (+5.5),1.0,35.5,0.0,1.0,0.5100537920702488
2025,7,2025-10-16,PIT,CIN,31,33,-5.5,5.5,0.49020305431634037,0,PIT to cover (-5.5),-0.2156266492584124,0.0496654539368636,0.17451662397468715,-0.0024495285335340454,55.6,53.0,0.4,0.6,-16.2,2.4,17.2,23.8,33.4,21.4,4,4,45.5,0.5621862297956027,1,Over 45.5,1.0,CIN covered (+5.5),0.0,7.5,1.0,1.0,0.5097969456836596
2025,4,2025-09-29,NYJ,MIA,21,27,2.5,-2.5,0.49065879279851954,0,NYJ to cover (+2.5),-0.05190023518873086,-0.08348987567998215,0.11618793852250127,0.08484828778044383,56.2,58.8,0.4,0.6,-7.2,-7.6,19.2,23.0,26.4,30.6,11,8,44.5,0.45220237293971266,0,Under 44.5,1.0,MIA covered (-2.5),0.0,3.5,1.0,0.0,0.5093412072014805
2025,9,2025-11-02,LAC,TEN,27,20,-10.0,10.0,0.5092402840952088,1,TEN to cover (+10.0),-0.21186972756070316,0.017533021465834173,0.1089775546870974,0.04224666348266892,56.2,65.6,0.2,0.2,-15.4,-1.0,11.8,23.6,27.2,24.6,7,10,44.5,0.5535045532596304,1,Over 44.5,1.0,TEN covered (+10.0),1.0,3.0,1.0,1.0,0.5092402840952088
2025,14,2025-12-07,HOU,KC,20,10,4.5,-4.5,0.49090952882998695,0,HOU to cover (+4.5),0.1190848043862113,-0.03910328888622276,0.059431038945500135,-0.14517657266556278,67.6,67.6,0.2,0.6,2.2,3.0,23.8,22.0,21.6,19.0,10,7,41.5,0.4314107073587541,0,Under 41.5,0.0,HOU covered (+4.5),1.0,-14.5,0.0,1.0,0.509090471170013
2025,10,2025-11-09,LA,SF,42,26,-5.5,5.5,0.4914352435582438,0,LA to cover (-5.5),0.07280785418267366,0.10200899367103348,0.13206775261204803,-0.15615878028727107,64.2,62.0,0.6,0.8,0.2,14.0,22.8,27.2,22.6,13.2,7,7,49.5,0.5845264116564577,1,Over 49.5,0.0,LA covered (-5.5),1.0,-10.5,1.0,1.0,0.5085647564417561
2025,17,2025-12-28,TB,MIA,17,20,-5.5,5.5,0.49245907184229226,0,TB to cover (-5.5),-0.009142948395405496,-0.07685439504889965,0.009681603062269162,0.08109020258236488,55.8,62.4,0.4,0.0,-1.2,-6.4,21.4,19.0,22.6,25.4,7,7,44.5,0.45653567610229445,0,Under 44.5,1.0,MIA covered (+5.5),0.0,8.5,0.0,1.0,0.5075409281577077
2025,8,2025-10-27,WAS,KC,7,28,10.5,-10.5,0.5072513542247483,1,KC to cover (-10.5),0.21264425548545582,0.07630423542705232,-0.1680915776865503,0.0871145358623435,65.4,56.2,0.8,0.4,14.2,0.8,29.6,28.2,15.4,27.4,8,8,48.5,0.40449360556028274,0,Under 48.5,1.0,KC covered (-10.5),1.0,10.5,0.0,1.0,0.5072513542247483
2025,3,2025-09-21,LA,PHI,26,33,3.5,-3.5,0.492916519731902,0,LA to cover (+3.5),0.1312419273813424,0.06032914578899025,-0.11957020179281996,-0.06467651915737756,61.4,59.4,0.6,1.0,12.6,5.2,33.4,24.2,20.8,19.0,7,7,45.5,0.5412202422090556,1,Over 45.5,1.0,PHI covered (-3.5),0.0,3.5,1.0,1.0,0.507083480268098
2025,11,2025-11-16,BAL,CLE,23,16,-7.5,7.5,0.507075984096524,1,CLE to cover (+7.5),-0.1414369975794329,-0.04889046803728124,-0.12259025432230172,0.00440196890666672,63.2,58.6,0.2,0.6,-3.8,-0.8,18.0,19.6,21.8,20.4,7,7,37.5,0.5039221688018369,1,Over 37.5,1.0,CLE covered (+7.5),1.0,0.5,1.0,1.0,0.507075984096524
2025,15,2025-12-14,GB,DEN,26,34,-1.5,1.5,0.4930400257221949,0,GB to cover (-1.5),0.005721979267326383,0.14591304417416257,-0.0950650572744833,-0.04178569471959652,63.6,57.6,0.4,0.6,3.4,7.0,20.2,23.2,16.8,16.2,7,7,42.5,0.485754530622006,0,Under 42.5,1.0,DEN covered (+1.5),0.0,9.5,1.0,0.0,0.506959974277805
2025,18,2026-01-04,WAS,PHI,24,17,3.0,-3.0,0.5067551653081664,1,PHI to cover (-3.0),0.0233278443591713,-0.05707904087021452,-0.17726036886451269,0.20299690333493245,59.8,56.0,0.6,0.6,6.2,-8.4,21.4,19.2,15.2,27.6,7,10,38.5,0.5544163024776277,1,Over 38.5,0.0,WAS covered (+3.0),0.0,-10.0,1.0,1.0,0.5067551653081664
2025,10,2025-11-09,CLE,NYJ,20,27,-1.5,1.5,0.5066227181892027,1,NYJ to cover (+1.5),-0.03288516550150915,-0.19756679006394404,0.12152761966425926,-0.08923908568780095,63.6,62.0,0.4,0.2,-5.8,-7.2,19.8,16.0,25.6,23.2,14,14,37.5,0.4992591648754836,0,Under 37.5,1.0,NYJ covered (+1.5),1.0,8.5,1.0,0.0,0.5066227181892027
2025,13,2025-11-30,MIN,SEA,0,26,12.5,-12.5,0.5061680119129419,1,SEA to cover (-12.5),0.07291702255946252,-0.24565055081080267,-0.14395740153918965,0.03390247709212031,58.4,52.4,0.8,0.2,11.6,-10.2,31.6,15.8,20.0,26.0,7,7,42.5,0.5210064378649534,1,Over 42.5,1.0,SEA covered (-12.5),1.0,13.5,0.0,0.0,0.5061680119129419
2025,16,2025-12-21,TB,CAR,20,23,-3.0,3.0,0.5058968426098454,1,CAR to cover (+3.0),-0.02897111453988026,-0.08744451634180324,0.1066985031076277,0.10965996396027222,57.0,64.2,0.4,0.0,-3.6,-8.2,18.8,21.4,22.4,29.6,7,10,44.5,0.39297869570721405,0,Under 44.5,1.0,CAR covered (+3.0),1.0,6.0,0.0,1.0,0.5058968426098454
2025,15,2025-12-14,DET,LA,34,41,5.5,-5.5,0.49412334193000484,0,DET to cover (+5.5),0.18219553825819862,0.12035375825182629,-0.06544069020403966,0.06714247847157537,56.6,60.8,0.6,0.4,14.0,5.8,34.0,31.0,20.0,25.2,7,10,54.5,0.5332439206919393,1,Over 54.5,1.0,LA covered (-5.5),0.0,1.5,1.0,1.0,0.5058766580699952
2025,3,2025-09-21,LV,WAS,24,41,2.5,-2.5,0.5053694037098666,1,WAS to cover (-2.5),0.06330768472716261,-0.06994755976772167,0.10009160510178913,-0.05820688413973848,68.6,61.8,0.6,0.6,-1.8,0.4,26.0,18.6,27.8,18.2,10,6,43.5,0.5481956556996874,1,Over 43.5,1.0,WAS covered (-2.5),1.0,14.5,1.0,1.0,0.5053694037098666
2025,12,2025-11-23,NE,CIN,26,20,-7.5,7.5,0.5042391191108258,1,CIN to cover (+7.5),0.1362037943090331,0.13978983837567632,0.31331480294732683,-0.12083929196659264,63.2,61.4,0.4,0.8,-7.0,11.2,28.6,28.4,35.6,17.2,7,10,50.5,0.4024219161920424,0,Under 50.5,1.0,CIN covered (+7.5),1.0,1.5,0.0,1.0,0.5042391191108258
2025,11,2025-11-16,DET,PHI,9,16,2.5,-2.5,0.5041313411740955,1,PHI to cover (-2.5),0.11348091993348997,0.1387803342221176,0.030386119004726042,-0.024075221982230992,54.4,61.2,0.6,0.6,1.2,6.8,22.0,29.2,20.8,22.4,6,7,46.5,0.4742809143571198,0,Under 46.5,1.0,PHI covered (-2.5),1.0,4.5,0.0,1.0,0.5041313411740955
2025,7,2025-10-19,MIA,CLE,6,31,2.5,-2.5,0.5038665455619008,1,CLE to cover (-2.5),-0.19487729285895303,0.10787874015628043,0.016941072106953607,0.20865959083938304,66.6,55.2,0.2,0.6,-12.6,-3.0,13.2,25.2,25.8,28.2,7,7,34.5,0.5073445314563231,1,Over 34.5,1.0,CLE covered (-2.5),1.0,22.5,1.0,1.0,0.5038665455619008
2025,11,2025-11-16,LAC,JAX,6,35,-3.0,3.0,0.49640790225782366,0,LAC to cover (-3.0),-0.04644561806011109,0.07938066229431595,0.11480929471795112,-0.09045894256706868,65.6,68.0,0.2,0.4,-7.8,7.4,21.8,28.4,29.6,21.0,7,7,43.5,0.37998500606053065,0,Under 43.5,1.0,JAX covered (+3.0),0.0,32.0,0.0,1.0,0.5035920977421764
2025,18,2026-01-04,DAL,NYG,17,34,-3.0,3.0,0.49723254164280034,0,DAL to cover (-3.0),-0.022210683750486987,0.11263870219544214,0.009705181340889834,0.29047600556671566,61.0,70.2,0.4,0.2,-2.4,-5.8,22.0,26.8,24.4,32.6,7,10,50.5,0.5260240770318849,1,Over 50.5,1.0,NYG covered (+3.0),0.0,20.0,1.0,1.0,0.5027674583571997
2025,3,2025-09-21,DEN,LAC,20,23,2.5,-2.5,0.4972816470924076,0,DEN to cover (+2.5),0.0722555488634887,0.10015217258469115,-0.1875350242566678,-0.04785785380821811,62.8,59.2,0.8,0.2,8.8,3.0,26.6,23.4,17.8,20.4,6,7,45.5,0.48801979721723837,0,Under 45.5,1.0,LAC covered (-2.5),0.0,0.5,0.0,1.0,0.5027183529075925
2025,4,2025-09-28,LAC,NYG,18,21,-6.0,6.0,0.5022460444086958,1,NYG to cover (+6.0),-0.0022469954898872934,0.0063060722018775965,0.09474689685790005,-0.08640391463186411,58.2,63.4,0.4,0.8,-5.2,2.8,22.0,23.2,27.2,20.4,7,7,43.5,0.42437135543652893,0,Under 43.5,1.0,NYG covered (+6.0),1.0,9.0,0.0,1.0,0.5022460444086958
2025,8,2025-10-26,CHI,BAL,16,30,2.5,-2.5,0.49794813208047317,0,CHI to cover (+2.5),-0.10744019234322537,0.05490218153365176,0.14353849812000907,-0.037261387397934706,54.4,61.4,0.2,0.8,-9.8,0.0,20.8,25.6,30.6,25.6,14,7,45.5,0.46077615797011584,0,Under 45.5,1.0,BAL covered (-2.5),0.0,11.5,1.0,0.0,0.5020518679195268
2025,3,2025-09-21,CIN,MIN,10,48,3.0,-3.0,0.498120948484337,0,CIN to cover (+3.0),-0.2525742702275117,0.022225191915036482,-0.01492363725910682,-0.048342071724237066,59.2,64.4,0.4,0.6,-10.2,6.2,15.6,24.2,25.8,18.0,7,7,41.5,0.5804093171852721,1,Over 41.5,1.0,MIN covered (-3.0),0.0,35.0,1.0,1.0,0.501879051515663
2025,15,2025-12-14,LAC,KC,16,13,5.5,-5.5,0.5018102073368405,1,KC to cover (-5.5),0.010351397037115895,-0.12873322247354807,0.08056170870088787,-0.21376640997271265,67.0,62.6,0.0,0.6,-4.0,2.6,20.2,22.2,24.2,19.6,7,6,41.5,0.40037221830164876,0,Under 41.5,0.0,LAC covered (+5.5),0.0,-8.5,0.0,1.0,0.5018102073368405
2025,12,2025-11-20,BUF,HOU,19,23,-5.5,5.5,0.4983497273019431,0,BUF to cover (-5.5),-0.043474072346754725,0.1252253519654952,-0.1467426856146315,0.024716552248165047,71.2,59.4,0.4,0.6,2.0,4.6,22.4,27.8,20.4,23.2,4,4,43.5,0.38537407890282055,0,Under 43.5,1.0,HOU covered (+5.5),0.0,9.5,0.0,1.0,0.501650272698057
2025,10,2025-11-09,BUF,MIA,13,30,-8.5,8.5,0.4983725277254788,0,BUF to cover (-8.5),-0.08588771134395781,0.13832460862034013,0.011104637744990481,-0.05487371433292003,58.4,58.4,0.4,0.4,-5.6,7.4,19.4,26.6,25.0,19.2,10,7,50.5,0.46651690337887364,0,Under 50.5,1.0,MIA covered (+8.5),0.0,25.5,0.0,1.0,0.5016274722745212
2025,6,2025-10-12,DAL,CAR,27,30,-3.0,3.0,0.5014217518899166,1,CAR to cover (+3.0),-0.02973398970495033,0.16948569785930753,0.0855382665469537,0.20742013407926801,63.8,65.8,0.6,0.6,-3.4,-0.6,20.4,30.2,23.8,30.8,7,7,47.5,0.45511185019722555,0,Under 47.5,1.0,CAR covered (+3.0),1.0,6.0,1.0,0.0,0.5014217518899166
2025,6,2025-10-09,PHI,NYG,17,34,-7.0,7.0,0.5012958094064586,1,NYG to cover (+7.0),-0.1410649223806688,0.020444780752817093,0.07041915872998679,-0.04188679721582636,65.4,58.0,0.4,0.6,-8.0,3.2,17.4,25.0,25.4,21.8,4,4,40.5,0.4757076466181168,0,Under 40.5,1.0,NYG covered (+7.0),1.0,24.0,1.0,0.0,0.5012958094064586
2025,10,2025-11-09,ARI,SEA,22,44,7.0,-7.0,0.4990473407958721,0,ARI to cover (+7.0),0.14252868126742854,-0.0009171623025887255,-0.007236437814078225,0.034181592302228406,56.4,66.2,0.8,0.6,8.0,-0.4,28.6,23.6,20.6,24.0,7,6,44.5,0.5342598146082517,1,Over 44.5,1.0,SEA covered (-7.0),0.0,15.0,1.0,1.0,0.5009526592041279
2025,1,2025-09-07,NYG,WAS,6,21,6.0,-6.0,0.5001740202247197,1,WAS to cover (-6.0),0.12415394899472862,-0.10647727820035584,0.1205360781652836,0.08883484808219523,69.4,58.2,0.6,0.4,-1.0,-9.2,28.8,18.0,29.8,27.2,7,7,45.5,0.45793966872559744,0,Under 45.5,1.0,WAS covered (-6.0),1.0,9.0,0.0,1.0,0.5001740202247197
2025,5,2025-10-05,NYG,NO,14,26,1.5,-1.5,0.4999578005072328,0,NYG to cover (+1.5),-0.06603780141747433,-0.10666901479892099,0.13078263442506236,0.05265578597736438,66.6,62.4,0.4,0.4,-12.6,-7.0,17.0,17.2,29.6,24.2,7,7,41.5,0.4465319844791702,0,Under 41.5,1.0,NO covered (-1.5),0.0,10.5,0.0,1.0,0.5000421994927672
